DepMap_ID,num_arm_events,old_arm_events,many_arm_events (aneuploidy status),many_arm_events_old (aneuploidy status),new_ploidy,old_ploidy,old_genome_fraction
ACH-000038,0,0,FALSE,FALSE,1.933867735,2,0
ACH-000064,0,NA,FALSE,NA,1.986472946,NA,NA
ACH-000071,0,0,FALSE,FALSE,2.004008016,2,0.13
ACH-000088,0,0,FALSE,FALSE,2.004008016,2,0
ACH-000194,0,0,FALSE,FALSE,2.004008016,2,0.01
ACH-000229,0,0,FALSE,FALSE,1.986472946,2,0
ACH-000284,0,0,FALSE,FALSE,2.004008016,2,0
ACH-000413,0,0,FALSE,FALSE,2.004008016,2,0
ACH-000494,0,NA,FALSE,NA,2.004008016,NA,NA
ACH-000786,0,1,FALSE,FALSE,1.951402806,2,0
ACH-000850,0,0,FALSE,FALSE,1.986472946,2,0
ACH-000938,0,0,FALSE,FALSE,1.933867735,2,0.14
ACH-000998,0,1,FALSE,FALSE,1.968937876,2,0
ACH-001015,0,0,FALSE,FALSE,1.986472946,1.99,0.01
ACH-001061,0,0,FALSE,FALSE,1.968937876,2.02,0
ACH-001164,0,NA,FALSE,NA,1.933867735,NA,NA
ACH-001182,0,NA,FALSE,NA,1.933867735,NA,NA
ACH-001207,0,NA,FALSE,NA,1.986472946,NA,NA
ACH-001345,0,NA,FALSE,NA,2.004008016,NA,NA
ACH-001369,0,NA,FALSE,NA,1.986472946,NA,NA
ACH-001498,0,NA,FALSE,NA,1.951402806,NA,NA
ACH-001519,0,NA,FALSE,NA,1.968937876,NA,NA
ACH-002241,0,NA,FALSE,NA,1.986472946,NA,NA
ACH-002242,0,NA,FALSE,NA,1.933867735,NA,NA
ACH-002247,0,NA,FALSE,NA,1.968937876,NA,NA
ACH-002270,0,NA,FALSE,NA,1.951402806,NA,NA
ACH-002276,0,NA,FALSE,NA,1.951402806,NA,NA
ACH-002339,0,NA,FALSE,NA,1.951402806,NA,NA
ACH-002342,0,NA,FALSE,NA,1.968937876,NA,NA
ACH-002343,0,NA,FALSE,NA,1.968937876,NA,NA
ACH-002344,0,NA,FALSE,NA,1.933867735,NA,NA
ACH-002346,0,NA,FALSE,NA,1.951402806,NA,NA
ACH-002351,0,NA,FALSE,NA,1.951402806,NA,NA
ACH-002352,0,NA,FALSE,NA,1.968937876,NA,NA
ACH-002353,0,NA,FALSE,NA,1.933867735,NA,NA
ACH-002354,0,NA,FALSE,NA,1.968937876,NA,NA
ACH-002357,0,NA,FALSE,NA,1.933867735,NA,NA
ACH-002358,0,NA,FALSE,NA,1.933867735,NA,NA
ACH-002360,0,NA,FALSE,NA,1.951402806,NA,NA
ACH-002364,0,NA,FALSE,NA,1.933867735,NA,NA
ACH-002365,0,NA,FALSE,NA,1.933867735,NA,NA
ACH-002369,0,NA,FALSE,NA,1.968937876,NA,NA
ACH-002370,0,NA,FALSE,NA,1.968937876,NA,NA
ACH-002371,0,NA,FALSE,NA,1.916332665,NA,NA
ACH-002372,0,NA,FALSE,NA,1.933867735,NA,NA
ACH-002373,0,NA,FALSE,NA,1.951402806,NA,NA
ACH-002374,0,NA,FALSE,NA,1.951402806,NA,NA
ACH-002375,0,NA,FALSE,NA,1.933867735,NA,NA
ACH-002376,0,NA,FALSE,NA,1.933867735,NA,NA
ACH-002379,0,NA,FALSE,NA,1.933867735,NA,NA
ACH-002380,0,NA,FALSE,NA,1.933867735,NA,NA
ACH-002381,0,NA,FALSE,NA,1.951402806,NA,NA
ACH-002383,0,NA,FALSE,NA,1.968937876,NA,NA
ACH-002384,0,NA,FALSE,NA,1.951402806,NA,NA
ACH-000049,1,NA,FALSE,NA,2.004008016,NA,NA
ACH-000054,1,4,FALSE,FALSE,1.968937876,2.04,0
ACH-000119,1,0,FALSE,FALSE,2.004008016,2,0
ACH-000123,1,0,FALSE,FALSE,1.968937876,2,0
ACH-000160,1,NA,FALSE,NA,1.986472946,NA,NA
ACH-000162,1,3,FALSE,FALSE,1.986472946,2.04,0.07
ACH-000170,1,NA,FALSE,NA,2.004008016,NA,NA
ACH-000172,1,NA,FALSE,NA,1.951402806,NA,NA
ACH-000201,1,0,FALSE,FALSE,1.933867735,2,0
ACH-000230,1,0,FALSE,FALSE,2.004008016,2,0
ACH-000240,1,0,FALSE,FALSE,1.986472946,2,0
ACH-000492,1,0,FALSE,FALSE,1.986472946,1.99,0
ACH-000526,1,2,FALSE,FALSE,1.986472946,1.99,0.01
ACH-000529,1,0,FALSE,FALSE,2.004008016,2,0
ACH-000538,1,0,FALSE,FALSE,1.986472946,1.99,0
ACH-000539,1,0,FALSE,FALSE,2.004008016,2,0
ACH-000612,1,0,FALSE,FALSE,2.004008016,2,0
ACH-000742,1,0,FALSE,FALSE,1.986472946,2,0
ACH-000795,1,2,FALSE,FALSE,1.986472946,2.01,0
ACH-000918,1,2,FALSE,FALSE,1.986472946,2.02,0.06
ACH-000928,1,0,FALSE,FALSE,1.933867735,2,0.06
ACH-000939,1,1,FALSE,FALSE,1.898797595,1.97,0
ACH-000974,1,0,FALSE,FALSE,1.916332665,2,0.12
ACH-000982,1,0,FALSE,FALSE,1.916332665,2,0
ACH-000991,1,1,FALSE,FALSE,1.968937876,2,0.07
ACH-000995,1,NA,FALSE,NA,2.004008016,NA,NA
ACH-001018,1,NA,FALSE,NA,1.968937876,NA,NA
ACH-001091,1,1,FALSE,FALSE,2.021543086,2.03,0
ACH-001099,1,NA,FALSE,NA,1.968937876,NA,NA
ACH-001146,1,1,FALSE,FALSE,2.021543086,2.07,0.01
ACH-001737,1,NA,FALSE,NA,1.968937876,NA,NA
ACH-001767,1,NA,FALSE,NA,1.968937876,NA,NA
ACH-001991,1,NA,FALSE,NA,2.039078156,NA,NA
ACH-002016,1,NA,FALSE,NA,1.968937876,NA,NA
ACH-002218,1,NA,FALSE,NA,1.951402806,NA,NA
ACH-002222,1,NA,FALSE,NA,2.004008016,NA,NA
ACH-002232,1,NA,FALSE,NA,1.951402806,NA,NA
ACH-002267,1,NA,FALSE,NA,1.968937876,NA,NA
ACH-002272,1,NA,FALSE,NA,1.986472946,NA,NA
ACH-002275,1,NA,FALSE,NA,1.968937876,NA,NA
ACH-002302,1,NA,FALSE,NA,2.004008016,NA,NA
ACH-002347,1,NA,FALSE,NA,1.951402806,NA,NA
ACH-002350,1,NA,FALSE,NA,1.968937876,NA,NA
ACH-002356,1,NA,FALSE,NA,1.933867735,NA,NA
ACH-002362,1,NA,FALSE,NA,1.933867735,NA,NA
ACH-002367,1,NA,FALSE,NA,1.933867735,NA,NA
ACH-002377,1,NA,FALSE,NA,1.951402806,NA,NA
ACH-002378,1,NA,FALSE,NA,2.004008016,NA,NA
ACH-000059,2,2,FALSE,FALSE,1.968937876,2.02,0.07
ACH-000077,2,1,FALSE,FALSE,2.021543086,2.03,0.02
ACH-000101,2,2,FALSE,FALSE,2.004008016,2.04,0.34
ACH-000104,2,2,FALSE,FALSE,1.916332665,1.96,0.03
ACH-000106,2,2,FALSE,FALSE,2.004008016,2.03,0
ACH-000135,2,0,FALSE,FALSE,1.986472946,2,0.19
ACH-000143,2,NA,FALSE,NA,1.968937876,NA,NA
ACH-000149,2,2,FALSE,FALSE,2.004008016,2.08,0
ACH-000185,2,0,FALSE,FALSE,1.986472946,2,0
ACH-000306,2,0,FALSE,FALSE,2.004008016,2,0
ACH-000440,2,0,FALSE,FALSE,1.986472946,2.07,0.16
ACH-000533,2,NA,FALSE,NA,1.951402806,NA,NA
ACH-000597,2,NA,FALSE,NA,1.898797595,NA,NA
ACH-000772,2,2,FALSE,FALSE,2.004008016,2.06,0.01
ACH-000856,2,0,FALSE,FALSE,1.951402806,2,0
ACH-000922,2,2,FALSE,FALSE,2.004008016,2.09,0.04
ACH-000937,2,1,FALSE,FALSE,1.933867735,2.01,0.06
ACH-000953,2,1,FALSE,FALSE,1.986472946,1.98,0.14
ACH-000957,2,0,FALSE,FALSE,1.898797595,2,0
ACH-000960,2,0,FALSE,FALSE,1.951402806,1.99,0.03
ACH-000978,2,1,FALSE,FALSE,2.004008016,2.02,0.09
ACH-000988,2,0,FALSE,FALSE,1.933867735,2,0
ACH-000997,2,0,FALSE,FALSE,2.004008016,2,0
ACH-001059,2,NA,FALSE,NA,1.986472946,NA,NA
ACH-001128,2,NA,FALSE,NA,1.951402806,NA,NA
ACH-001142,2,NA,FALSE,NA,2.004008016,NA,NA
ACH-001199,2,NA,FALSE,NA,1.951402806,NA,NA
ACH-001274,2,NA,FALSE,NA,1.916332665,NA,NA
ACH-001278,2,NA,FALSE,NA,1.916332665,NA,NA
ACH-001289,2,NA,FALSE,NA,1.916332665,NA,NA
ACH-001301,2,NA,FALSE,NA,1.968937876,NA,NA
ACH-001374,2,NA,FALSE,NA,1.968937876,NA,NA
ACH-001385,2,NA,FALSE,NA,2.004008016,NA,NA
ACH-001709,2,NA,FALSE,NA,1.968937876,NA,NA
ACH-001818,2,NA,FALSE,NA,2.004008016,NA,NA
ACH-001843,2,NA,FALSE,NA,1.986472946,NA,NA
ACH-001959,2,NA,FALSE,NA,2.021543086,NA,NA
ACH-002026,2,NA,FALSE,NA,2.004008016,NA,NA
ACH-002059,2,NA,FALSE,NA,1.951402806,NA,NA
ACH-002092,2,NA,FALSE,NA,1.951402806,NA,NA
ACH-002149,2,NA,FALSE,NA,1.951402806,NA,NA
ACH-002223,2,NA,FALSE,NA,1.933867735,NA,NA
ACH-002236,2,NA,FALSE,NA,1.986472946,NA,NA
ACH-002245,2,NA,FALSE,NA,2.021543086,NA,NA
ACH-002252,2,NA,FALSE,NA,1.968937876,NA,NA
ACH-002290,2,NA,FALSE,NA,1.968937876,NA,NA
ACH-002293,2,NA,FALSE,NA,1.933867735,NA,NA
ACH-002299,2,NA,FALSE,NA,2.004008016,NA,NA
ACH-002308,2,NA,FALSE,NA,1.986472946,NA,NA
ACH-002316,2,NA,FALSE,NA,2.004008016,NA,NA
ACH-002355,2,NA,FALSE,NA,2.004008016,NA,NA
ACH-002366,2,NA,FALSE,NA,1.986472946,NA,NA
ACH-000079,3,0,FALSE,FALSE,2.004008016,2,0.06
ACH-000091,3,7,FALSE,FALSE,1.916332665,1.94,0.22
ACH-000287,3,1,FALSE,FALSE,1.951402806,1.98,0.1
ACH-000375,3,2,FALSE,FALSE,1.986472946,2.09,0
ACH-000449,3,2,FALSE,FALSE,1.916332665,1.93,0.01
ACH-000602,3,0,FALSE,FALSE,2.021543086,2.02,0
ACH-000657,3,2,FALSE,FALSE,1.933867735,2.01,0
ACH-000697,3,3,FALSE,FALSE,1.951402806,2.1,0.01
ACH-000874,3,4,FALSE,FALSE,2.021543086,2.03,0.23
ACH-000877,3,0,FALSE,FALSE,1.968937876,2.01,0.01
ACH-000913,3,1,FALSE,FALSE,1.933867735,2.03,0.04
ACH-000925,3,2,FALSE,FALSE,2.021543086,2.06,0.04
ACH-000932,3,2,FALSE,FALSE,2.004008016,2.01,0.01
ACH-000948,3,4,FALSE,FALSE,2.039078156,2.09,0.03
ACH-000958,3,4,FALSE,FALSE,1.951402806,2.09,0
ACH-000961,3,2,FALSE,FALSE,1.916332665,2.06,0.02
ACH-000966,3,0,FALSE,FALSE,1.951402806,2,0.29
ACH-000971,3,0,FALSE,FALSE,2.021543086,2.06,0.02
ACH-001020,3,NA,FALSE,NA,1.951402806,NA,NA
ACH-001047,3,5,FALSE,FALSE,1.881262525,1.93,0.26
ACH-001163,3,NA,FALSE,NA,2.004008016,NA,NA
ACH-001211,3,NA,FALSE,NA,1.986472946,NA,NA
ACH-001279,3,NA,FALSE,NA,1.986472946,NA,NA
ACH-001310,3,NA,FALSE,NA,1.986472946,NA,NA
ACH-001366,3,NA,FALSE,NA,2.021543086,NA,NA
ACH-001391,3,NA,FALSE,NA,2.004008016,NA,NA
ACH-001532,3,NA,FALSE,NA,1.951402806,NA,NA
ACH-001603,3,NA,FALSE,NA,1.968937876,NA,NA
ACH-001617,3,NA,FALSE,NA,1.951402806,NA,NA
ACH-001735,3,NA,FALSE,NA,1.986472946,NA,NA
ACH-001786,3,NA,FALSE,NA,1.986472946,NA,NA
ACH-001807,3,NA,FALSE,NA,1.951402806,NA,NA
ACH-002103,3,NA,FALSE,NA,1.916332665,NA,NA
ACH-002190,3,NA,FALSE,NA,1.933867735,NA,NA
ACH-002254,3,NA,FALSE,NA,2.021543086,NA,NA
ACH-002277,3,NA,FALSE,NA,1.986472946,NA,NA
ACH-002301,3,NA,FALSE,NA,1.986472946,NA,NA
ACH-002361,3,NA,FALSE,NA,1.986472946,NA,NA
ACH-000056,4,2,FALSE,FALSE,1.968937876,2.06,0.07
ACH-000070,4,3,FALSE,FALSE,1.968937876,2.03,0.09
ACH-000096,4,0,FALSE,FALSE,2.004008016,2,0
ACH-000180,4,0,FALSE,FALSE,2.004008016,2,0
ACH-000184,4,0,FALSE,FALSE,2.004008016,2,0
ACH-000206,4,NA,FALSE,NA,2.039078156,NA,NA
ACH-000299,4,NA,FALSE,NA,1.968937876,NA,NA
ACH-000346,4,3,FALSE,FALSE,1.968937876,2.07,0.12
ACH-000432,4,3,FALSE,FALSE,1.951402806,2.14,0.28
ACH-000567,4,2,FALSE,FALSE,2.074148297,2.11,0.07
ACH-000607,4,2,FALSE,FALSE,1.933867735,2.03,0
ACH-000829,4,1,FALSE,FALSE,1.916332665,1.99,0
ACH-000879,4,0,FALSE,FALSE,1.951402806,2,0.02
ACH-000895,4,1,FALSE,FALSE,1.968937876,1.98,0.19
ACH-000920,4,1,FALSE,FALSE,2.004008016,1.99,0.02
ACH-000949,4,5,FALSE,FALSE,1.968937876,2.05,0.04
ACH-000955,4,2,FALSE,FALSE,2.039078156,2.08,0
ACH-000959,4,0,FALSE,FALSE,1.986472946,1.99,0.01
ACH-000970,4,4,FALSE,FALSE,1.986472946,2.05,0.07
ACH-000972,4,0,FALSE,FALSE,2.021543086,2,0.02
ACH-000977,4,1,FALSE,FALSE,1.986472946,1.97,0.14
ACH-000996,4,1,FALSE,FALSE,2.004008016,2.06,0.03
ACH-001022,4,NA,FALSE,NA,2.039078156,NA,NA
ACH-001028,4,NA,FALSE,NA,1.933867735,NA,NA
ACH-001031,4,NA,FALSE,NA,1.898797595,NA,NA
ACH-001034,4,NA,FALSE,NA,1.986472946,NA,NA
ACH-001067,4,2,FALSE,FALSE,1.968937876,2.03,0.17
ACH-001201,4,NA,FALSE,NA,1.951402806,NA,NA
ACH-001303,4,NA,FALSE,NA,2.004008016,NA,NA
ACH-001452,4,NA,FALSE,NA,2.004008016,NA,NA
ACH-001484,4,NA,FALSE,NA,2.021543086,NA,NA
ACH-001485,4,NA,FALSE,NA,1.951402806,NA,NA
ACH-001518,4,NA,FALSE,NA,1.986472946,NA,NA
ACH-001520,4,NA,FALSE,NA,1.933867735,NA,NA
ACH-001528,4,NA,FALSE,NA,2.004008016,NA,NA
ACH-001539,4,NA,FALSE,NA,1.951402806,NA,NA
ACH-001550,4,NA,FALSE,NA,2.004008016,NA,NA
ACH-001613,4,NA,FALSE,NA,2.074148297,NA,NA
ACH-001634,4,NA,FALSE,NA,1.986472946,NA,NA
ACH-001636,4,NA,FALSE,NA,1.951402806,NA,NA
ACH-001639,4,NA,FALSE,NA,1.898797595,NA,NA
ACH-001664,4,NA,FALSE,NA,2.021543086,NA,NA
ACH-001738,4,NA,FALSE,NA,2.004008016,NA,NA
ACH-002102,4,NA,FALSE,NA,2.021543086,NA,NA
ACH-002114,4,NA,FALSE,NA,1.933867735,NA,NA
ACH-002130,4,NA,FALSE,NA,1.898797595,NA,NA
ACH-002246,4,NA,FALSE,NA,1.933867735,NA,NA
ACH-002284,4,NA,FALSE,NA,1.986472946,NA,NA
ACH-002382,4,NA,FALSE,NA,1.881262525,NA,NA
ACH-002388,4,NA,FALSE,NA,1.951402806,NA,NA
ACH-000014,5,8,FALSE,NA,2.039078156,3.07,0.6
ACH-000043,5,0,FALSE,FALSE,2.004008016,2,0
ACH-000051,5,0,FALSE,FALSE,2.004008016,2,0
ACH-000067,5,5,FALSE,FALSE,1.933867735,1.98,0.48
ACH-000069,5,NA,FALSE,NA,2.021543086,NA,NA
ACH-000095,5,9,FALSE,NA,2.074148297,2.19,0.01
ACH-000113,5,5,FALSE,FALSE,2.039078156,2.15,0.04
ACH-000131,5,0,FALSE,FALSE,2.004008016,2,0
ACH-000136,5,6,FALSE,FALSE,1.986472946,2.12,0.05
ACH-000154,5,0,FALSE,FALSE,1.986472946,2,0.06
ACH-000165,5,0,FALSE,FALSE,2.004008016,2,0.01
ACH-000175,5,0,FALSE,FALSE,1.986472946,2,0
ACH-000214,5,0,FALSE,FALSE,2.004008016,2,0
ACH-000227,5,4,FALSE,FALSE,1.916332665,1.97,0.01
ACH-000258,5,4,FALSE,FALSE,1.986472946,2.02,0.1
ACH-000263,5,5,FALSE,FALSE,1.951402806,1.97,0.06
ACH-000304,5,5,FALSE,FALSE,1.968937876,2.03,0.09
ACH-000336,5,4,FALSE,FALSE,2.039078156,2.15,0.02
ACH-000534,5,3,FALSE,FALSE,2.021543086,2.07,0.05
ACH-000609,5,6,FALSE,FALSE,1.986472946,2,0.09
ACH-000687,5,0,FALSE,FALSE,2.004008016,2,0.02
ACH-000707,5,0,FALSE,FALSE,2.021543086,2.05,0
ACH-000745,5,2,FALSE,FALSE,2.004008016,2.03,0
ACH-000770,5,6,FALSE,FALSE,2.021543086,2.1,0.06
ACH-000797,5,0,FALSE,FALSE,2.004008016,2,0
ACH-000798,5,3,FALSE,FALSE,2.056613226,2.08,0
ACH-000830,5,5,FALSE,FALSE,1.986472946,2.06,0.03
ACH-000906,5,13,FALSE,NA,1.863727455,3.23,0.49
ACH-000923,5,4,FALSE,FALSE,2.004008016,2.08,0.09
ACH-000946,5,0,FALSE,FALSE,2.021543086,2,0.14
ACH-000967,5,4,FALSE,FALSE,1.933867735,1.98,0
ACH-000980,5,4,FALSE,FALSE,2.021543086,2.08,0.01
ACH-000987,5,3,FALSE,FALSE,1.951402806,2.02,0.27
ACH-000993,5,1,FALSE,FALSE,2.004008016,2,0
ACH-001081,5,NA,FALSE,NA,2.039078156,NA,NA
ACH-001093,5,0,FALSE,FALSE,2.004008016,2,0
ACH-001119,5,NA,FALSE,NA,1.933867735,NA,NA
ACH-001175,5,7,FALSE,FALSE,1.863727455,1.83,0.18
ACH-001184,5,NA,FALSE,NA,2.091683367,NA,NA
ACH-001322,5,NA,FALSE,NA,1.968937876,NA,NA
ACH-001338,5,NA,FALSE,NA,2.021543086,NA,NA
ACH-001378,5,NA,FALSE,NA,1.828657315,NA,NA
ACH-001616,5,NA,FALSE,NA,2.004008016,NA,NA
ACH-001993,5,NA,FALSE,NA,2.039078156,NA,NA
ACH-002020,5,NA,FALSE,NA,1.951402806,NA,NA
ACH-002027,5,NA,FALSE,NA,2.004008016,NA,NA
ACH-002180,5,NA,FALSE,NA,1.986472946,NA,NA
ACH-002210,5,NA,FALSE,NA,1.986472946,NA,NA
ACH-002224,5,NA,FALSE,NA,2.021543086,NA,NA
ACH-002229,5,NA,FALSE,NA,1.968937876,NA,NA
ACH-002235,5,NA,FALSE,NA,1.846192385,NA,NA
ACH-002300,5,NA,FALSE,NA,1.986472946,NA,NA
ACH-002307,5,NA,FALSE,NA,2.039078156,NA,NA
ACH-002368,5,NA,FALSE,NA,2.004008016,NA,NA
ACH-000025,6,10,FALSE,NA,1.881262525,1.88,0.37
ACH-000045,6,4,FALSE,FALSE,2.021543086,2.07,0.02
ACH-000063,6,0,FALSE,FALSE,2.004008016,2,0
ACH-000065,6,4,FALSE,FALSE,2.056613226,2.1,0.06
ACH-000130,6,3,FALSE,FALSE,2.021543086,2.05,0
ACH-000157,6,5,FALSE,FALSE,2.004008016,2.05,0.05
ACH-000168,6,7,FALSE,FALSE,2.021543086,2.09,0
ACH-000241,6,4,FALSE,FALSE,2.039078156,2.07,0
ACH-000271,6,3,FALSE,FALSE,2.021543086,2.04,0.07
ACH-000345,6,2,FALSE,FALSE,1.986472946,1.99,0
ACH-000384,6,6,FALSE,FALSE,1.881262525,1.95,0.37
ACH-000405,6,5,FALSE,FALSE,2.056613226,2,0.12
ACH-000411,6,5,FALSE,FALSE,1.881262525,1.99,0
ACH-000418,6,2,FALSE,FALSE,2.039078156,2.06,0.03
ACH-000437,6,27,FALSE,TRUE,1.986472946,3.78,0.47
ACH-000462,6,1,FALSE,FALSE,1.986472946,1.97,0.03
ACH-000464,6,13,FALSE,NA,1.968937876,1.87,0.47
ACH-000580,6,5,FALSE,FALSE,2.004008016,2.11,0.05
ACH-000627,6,14,FALSE,NA,1.916332665,2.38,0.68
ACH-000636,6,5,FALSE,FALSE,2.021543086,1.95,0.54
ACH-000642,6,NA,FALSE,NA,2.004008016,NA,NA
ACH-000654,6,0,FALSE,FALSE,2.021543086,2.02,0.03
ACH-000811,6,5,FALSE,FALSE,1.846192385,1.9,0.48
ACH-000866,6,3,FALSE,FALSE,1.951402806,2.03,0.02
ACH-000885,6,2,FALSE,FALSE,2.039078156,2.05,0
ACH-000903,6,8,FALSE,NA,1.25,1.21,0.49
ACH-000936,6,3,FALSE,FALSE,1.898797595,2.02,0.23
ACH-000942,6,2,FALSE,FALSE,1.986472946,1.94,0.01
ACH-000947,6,3,FALSE,FALSE,1.968937876,2.09,0
ACH-000952,6,3,FALSE,FALSE,1.986472946,2.05,0.03
ACH-000954,6,5,FALSE,FALSE,1.986472946,2.14,0.13
ACH-001037,6,8,FALSE,NA,2.021543086,2.08,0.03
ACH-001094,6,6,FALSE,FALSE,2.179358717,2.22,0.49
ACH-001106,6,0,FALSE,FALSE,2.021543086,2,0.03
ACH-001127,6,15,FALSE,NA,1.933867735,4.2,0.08
ACH-001188,6,4,FALSE,FALSE,1.968937876,2.12,0.02
ACH-001196,6,NA,FALSE,NA,2.021543086,NA,NA
ACH-001205,6,3,FALSE,FALSE,2.074148297,2.12,0
ACH-001275,6,NA,FALSE,NA,1.951402806,NA,NA
ACH-001295,6,NA,FALSE,NA,2.039078156,NA,NA
ACH-001333,6,NA,FALSE,NA,2.004008016,NA,NA
ACH-001344,6,NA,FALSE,NA,1.951402806,NA,NA
ACH-001414,6,NA,FALSE,NA,2.056613226,NA,NA
ACH-001677,6,NA,FALSE,NA,1.933867735,NA,NA
ACH-001680,6,NA,FALSE,NA,2.056613226,NA,NA
ACH-001703,6,NA,FALSE,NA,1.968937876,NA,NA
ACH-001736,6,NA,FALSE,NA,1.986472946,NA,NA
ACH-001791,6,NA,FALSE,NA,2.161823647,NA,NA
ACH-001973,6,NA,FALSE,NA,2.056613226,NA,NA
ACH-002005,6,NA,FALSE,NA,1.25,NA,NA
ACH-002109,6,NA,FALSE,NA,2.021543086,NA,NA
ACH-002118,6,NA,FALSE,NA,2.004008016,NA,NA
ACH-002124,6,NA,FALSE,NA,1.881262525,NA,NA
ACH-002128,6,NA,FALSE,NA,1.793587174,NA,NA
ACH-002160,6,NA,FALSE,NA,1.898797595,NA,NA
ACH-002183,6,NA,FALSE,NA,2.074148297,NA,NA
ACH-002197,6,NA,FALSE,NA,2.126753507,NA,NA
ACH-002214,6,NA,FALSE,NA,2.109218437,NA,NA
ACH-002221,6,NA,FALSE,NA,2.074148297,NA,NA
ACH-002248,6,NA,FALSE,NA,2.039078156,NA,NA
ACH-002257,6,NA,FALSE,NA,1.846192385,NA,NA
ACH-002262,6,NA,FALSE,NA,1.933867735,NA,NA
ACH-002273,6,NA,FALSE,NA,2.021543086,NA,NA
ACH-002274,6,NA,FALSE,NA,1.986472946,NA,NA
ACH-002281,6,NA,FALSE,NA,2.004008016,NA,NA
ACH-000002,7,6,FALSE,FALSE,1.916332665,1.97,0.05
ACH-000006,7,8,FALSE,NA,1.916332665,1.98,0.16
ACH-000034,7,NA,FALSE,NA,1.986472946,NA,NA
ACH-000080,7,0,FALSE,FALSE,1.986472946,2,0
ACH-000081,7,5,FALSE,FALSE,2.039078156,2.07,0
ACH-000083,7,0,FALSE,FALSE,2.021543086,2,0
ACH-000120,7,4,FALSE,FALSE,2.004008016,2.04,0.05
ACH-000125,7,0,FALSE,FALSE,2.004008016,2,0
ACH-000134,7,0,FALSE,FALSE,2.004008016,2,0
ACH-000156,7,2,FALSE,FALSE,1.986472946,1.99,0
ACH-000176,7,7,FALSE,FALSE,2.074148297,2.16,0.17
ACH-000199,7,NA,FALSE,NA,2.004008016,NA,NA
ACH-000224,7,0,FALSE,FALSE,2.004008016,2,0.02
ACH-000259,7,10,FALSE,NA,2.004008016,2.08,0.04
ACH-000275,7,NA,FALSE,NA,2.004008016,NA,NA
ACH-000340,7,0,FALSE,FALSE,2.004008016,2,0.16
ACH-000341,7,7,FALSE,FALSE,2.021543086,2.09,0.11
ACH-000367,7,5,FALSE,FALSE,1.986472946,1.96,0.16
ACH-000402,7,2,FALSE,FALSE,2.021543086,2.05,0.01
ACH-000498,7,6,FALSE,FALSE,2.021543086,2.12,0
ACH-000531,7,NA,FALSE,NA,2.004008016,NA,NA
ACH-000540,7,0,FALSE,FALSE,2.004008016,2,0
ACH-000576,7,7,FALSE,FALSE,2.021543086,2.06,0.03
ACH-000626,7,10,FALSE,NA,2.021543086,2.04,0.03
ACH-000719,7,6,FALSE,FALSE,1.986472946,2.18,0.04
ACH-000825,7,NA,FALSE,NA,1.25,NA,NA
ACH-000909,7,4,FALSE,FALSE,2.126753507,2.18,0.01
ACH-000919,7,5,FALSE,FALSE,1.933867735,2.09,0.03
ACH-000943,7,5,FALSE,FALSE,2.004008016,2.15,0.06
ACH-000956,7,6,FALSE,FALSE,2.074148297,2.13,0.01
ACH-000965,7,3,FALSE,FALSE,1.933867735,2.05,0.02
ACH-000989,7,2,FALSE,FALSE,2.021543086,2.05,0.1
ACH-001053,7,NA,FALSE,NA,1.951402806,NA,NA
ACH-001068,7,NA,FALSE,NA,1.968937876,NA,NA
ACH-001130,7,4,FALSE,FALSE,1.933867735,2,0.04
ACH-001147,7,NA,FALSE,NA,1.951402806,NA,NA
ACH-001212,7,NA,FALSE,NA,2.021543086,NA,NA
ACH-001282,7,NA,FALSE,NA,2.021543086,NA,NA
ACH-001331,7,NA,FALSE,NA,1.968937876,NA,NA
ACH-001421,7,NA,FALSE,NA,2.126753507,NA,NA
ACH-001431,7,NA,FALSE,NA,1.968937876,NA,NA
ACH-001548,7,NA,FALSE,NA,2.039078156,NA,NA
ACH-001570,7,NA,FALSE,NA,2.056613226,NA,NA
ACH-001627,7,NA,FALSE,NA,1.986472946,NA,NA
ACH-001638,7,NA,FALSE,NA,1.986472946,NA,NA
ACH-001642,7,NA,FALSE,NA,1.951402806,NA,NA
ACH-001647,7,NA,FALSE,NA,1.968937876,NA,NA
ACH-001648,7,NA,FALSE,NA,1.951402806,NA,NA
ACH-001685,7,NA,FALSE,NA,2.109218437,NA,NA
ACH-001716,7,NA,FALSE,NA,2.004008016,NA,NA
ACH-002165,7,NA,FALSE,NA,1.916332665,NA,NA
ACH-002189,7,NA,FALSE,NA,2.004008016,NA,NA
ACH-002211,7,NA,FALSE,NA,2.074148297,NA,NA
ACH-002215,7,NA,FALSE,NA,2.021543086,NA,NA
ACH-000007,8,8,FALSE,NA,2.109218437,2.28,0
ACH-000032,8,4,FALSE,FALSE,2.039078156,2.03,0.02
ACH-000055,8,7,FALSE,FALSE,1.916332665,2.04,0.01
ACH-000073,8,7,FALSE,FALSE,1.968937876,1.92,0.01
ACH-000099,8,3,FALSE,FALSE,1.968937876,1.99,0.08
ACH-000124,8,3,FALSE,FALSE,2.039078156,2.04,0
ACH-000183,8,8,FALSE,NA,2.091683367,2.16,0.3
ACH-000208,8,6,FALSE,FALSE,1.933867735,1.92,0.1
ACH-000226,8,5,FALSE,FALSE,2.039078156,2.2,0.02
ACH-000312,8,7,FALSE,FALSE,1.916332665,1.96,0.08
ACH-000315,8,1,FALSE,FALSE,2.091683367,2.07,0.06
ACH-000326,8,6,FALSE,FALSE,1.986472946,1.95,0.05
ACH-000363,8,9,FALSE,NA,1.881262525,2,0.13
ACH-000373,8,6,FALSE,FALSE,1.951402806,1.97,0.44
ACH-000386,8,6,FALSE,FALSE,1.881262525,2.02,0.05
ACH-000398,8,8,FALSE,NA,2.056613226,2.16,0.01
ACH-000414,8,7,FALSE,FALSE,2.126753507,2.19,0.09
ACH-000424,8,3,FALSE,FALSE,1.968937876,2.05,0.5
ACH-000479,8,6,FALSE,FALSE,1.951402806,1.96,0
ACH-000583,8,3,FALSE,FALSE,2.091683367,2.08,0.2
ACH-000611,8,6,FALSE,FALSE,2.039078156,2.11,0.03
ACH-000656,8,7,FALSE,FALSE,2.109218437,2.26,0.19
ACH-000709,8,5,FALSE,FALSE,1.933867735,1.89,0.28
ACH-000728,8,4,FALSE,FALSE,2.004008016,2.01,0.01
ACH-000782,8,2,FALSE,FALSE,2.004008016,1.95,0
ACH-000788,8,8,FALSE,NA,2.109218437,2.21,0.11
ACH-000880,8,6,FALSE,FALSE,2.004008016,2.1,0.03
ACH-000940,8,7,FALSE,FALSE,2.039078156,2.21,0.03
ACH-000944,8,7,FALSE,FALSE,1.986472946,2.05,0.05
ACH-000950,8,7,FALSE,FALSE,2.091683367,2.2,0.07
ACH-000964,8,NA,FALSE,NA,2.144288577,NA,NA
ACH-000986,8,7,FALSE,FALSE,1.916332665,2.1,0.08
ACH-001097,8,NA,FALSE,NA,2.109218437,NA,NA
ACH-001118,8,NA,FALSE,NA,2.021543086,NA,NA
ACH-001134,8,NA,FALSE,NA,1.986472946,NA,NA
ACH-001150,8,13,FALSE,NA,1.951402806,7.37,0.13
ACH-001300,8,NA,FALSE,NA,2.144288577,NA,NA
ACH-001355,8,NA,FALSE,NA,1.968937876,NA,NA
ACH-001377,8,NA,FALSE,NA,1.951402806,NA,NA
ACH-001668,8,NA,FALSE,NA,2.196893788,NA,NA
ACH-001794,8,NA,FALSE,NA,1.916332665,NA,NA
ACH-001956,8,NA,FALSE,NA,1.968937876,NA,NA
ACH-001958,8,NA,FALSE,NA,2.109218437,NA,NA
ACH-002098,8,NA,FALSE,NA,1.968937876,NA,NA
ACH-002123,8,NA,FALSE,NA,1.916332665,NA,NA
ACH-002173,8,NA,FALSE,NA,1.881262525,NA,NA
ACH-002238,8,NA,FALSE,NA,2.039078156,NA,NA
ACH-002239,8,NA,FALSE,NA,2.039078156,NA,NA
ACH-002255,8,NA,FALSE,NA,2.039078156,NA,NA
ACH-002259,8,NA,FALSE,NA,1.846192385,NA,NA
ACH-002292,8,NA,FALSE,NA,1.25,NA,NA
ACH-000003,9,NA,NA,NA,1.968937876,NA,NA
ACH-000016,9,8,NA,NA,2.091683367,2.19,0.08
ACH-000040,9,25,NA,TRUE,1.986472946,5.2,0.47
ACH-000075,9,6,NA,FALSE,1.898797595,1.94,0.05
ACH-000086,9,5,NA,FALSE,1.968937876,1.1,0.45
ACH-000105,9,6,NA,FALSE,2.074148297,2.11,0.16
ACH-000140,9,8,NA,NA,2.056613226,2.13,0.05
ACH-000145,9,6,NA,FALSE,1.793587174,1.88,0.7
ACH-000167,9,4,NA,FALSE,2.039078156,2.1,0.02
ACH-000188,9,12,NA,NA,1.863727455,2.01,0.32
ACH-000195,9,8,NA,NA,1.828657315,1.97,0.46
ACH-000244,9,8,NA,NA,1.898797595,1.91,0.16
ACH-000272,9,6,NA,FALSE,1.898797595,1.88,0.27
ACH-000273,9,NA,NA,NA,1.28507014,NA,NA
ACH-000329,9,4,NA,FALSE,2.021543086,2.01,0.03
ACH-000357,9,10,NA,NA,1.828657315,1.86,0.32
ACH-000371,9,7,NA,FALSE,2.004008016,2.11,0.12
ACH-000438,9,11,NA,NA,2.144288577,2.35,0.21
ACH-000509,9,11,NA,NA,1.828657315,1.88,0.24
ACH-000519,9,5,NA,FALSE,2.004008016,1.99,0.03
ACH-000566,9,6,NA,FALSE,1.811122244,1.9,0.44
ACH-000645,9,7,NA,FALSE,2.021543086,2.04,0.07
ACH-000659,9,10,NA,NA,1.933867735,1.89,0.09
ACH-000662,9,9,NA,NA,2.004008016,2.27,0.24
ACH-000688,9,8,NA,NA,1.846192385,1.88,0.15
ACH-000729,9,10,NA,NA,1.968937876,2.05,0.07
ACH-000730,9,25,NA,TRUE,1.25,2.81,0.69
ACH-000732,9,9,NA,NA,2.004008016,2.01,0.02
ACH-000754,9,8,NA,NA,2.091683367,2.2,0.25
ACH-000755,9,14,NA,NA,1.968937876,2.12,0.11
ACH-000763,9,5,NA,FALSE,1.898797595,1.97,0.01
ACH-000794,9,8,NA,NA,1.916332665,2.03,0.05
ACH-000814,9,NA,NA,NA,2.056613226,NA,NA
ACH-000833,9,30,NA,TRUE,2.144288577,4.6,0.26
ACH-000881,9,11,NA,NA,2.126753507,2.23,0.12
ACH-000902,9,9,NA,NA,2.039078156,2.09,0.02
ACH-000908,9,7,NA,FALSE,2.126753507,2.29,0.01
ACH-000914,9,2,NA,FALSE,1.986472946,1.97,0.12
ACH-000969,9,7,NA,FALSE,1.898797595,2,0.03
ACH-001035,9,NA,NA,NA,1.933867735,NA,NA
ACH-001075,9,7,NA,FALSE,2.056613226,2.1,0.03
ACH-001148,9,NA,NA,NA,1.863727455,NA,NA
ACH-001208,9,NA,NA,NA,2.196893788,NA,NA
ACH-001302,9,NA,NA,NA,1.898797595,NA,NA
ACH-001334,9,NA,NA,NA,1.898797595,NA,NA
ACH-001388,9,NA,NA,NA,2.249498998,NA,NA
ACH-001400,9,NA,NA,NA,1.881262525,NA,NA
ACH-001422,9,NA,NA,NA,1.933867735,NA,NA
ACH-001490,9,NA,NA,NA,1.863727455,NA,NA
ACH-001500,9,NA,NA,NA,1.951402806,NA,NA
ACH-001536,9,NA,NA,NA,2.039078156,NA,NA
ACH-001554,9,NA,NA,NA,2.144288577,NA,NA
ACH-001656,9,NA,NA,NA,1.933867735,NA,NA
ACH-001849,9,NA,NA,NA,2.074148297,NA,NA
ACH-002094,9,NA,NA,NA,2.056613226,NA,NA
ACH-002097,9,NA,NA,NA,1.881262525,NA,NA
ACH-002113,9,NA,NA,NA,1.863727455,NA,NA
ACH-002131,9,NA,NA,NA,1.776052104,NA,NA
ACH-002148,9,NA,NA,NA,3.950400802,NA,NA
ACH-002163,9,NA,NA,NA,1.916332665,NA,NA
ACH-002188,9,NA,NA,NA,2.021543086,NA,NA
ACH-002212,9,NA,NA,NA,2.039078156,NA,NA
ACH-002217,9,NA,NA,NA,1.968937876,NA,NA
ACH-002227,9,NA,NA,NA,1.951402806,NA,NA
ACH-002283,9,NA,NA,NA,1.828657315,NA,NA
ACH-000020,10,3,NA,FALSE,2.056613226,1.04,0.03
ACH-000039,10,8,NA,NA,2.021543086,2.01,0.04
ACH-000053,10,7,NA,FALSE,1.968937876,1.96,0.01
ACH-000061,10,5,NA,FALSE,1.916332665,2.04,0.01
ACH-000092,10,15,NA,NA,1.758517034,1.7,0.21
ACH-000122,10,10,NA,NA,1.863727455,1.85,0.06
ACH-000166,10,7,NA,FALSE,2.056613226,2.13,0.06
ACH-000171,10,11,NA,NA,1.881262525,1.91,0.33
ACH-000173,10,9,NA,NA,1.968937876,2,0.31
ACH-000189,10,31,NA,TRUE,1.793587174,3.42,0.4
ACH-000203,10,4,NA,FALSE,2.039078156,2.02,0.02
ACH-000267,10,10,NA,NA,1.933867735,1.99,0.07
ACH-000310,10,8,NA,NA,2.214428858,2.21,0.07
ACH-000362,10,8,NA,NA,2.109218437,2.27,0.05
ACH-000426,10,6,NA,FALSE,1.933867735,1.86,0.1
ACH-000510,10,27,NA,TRUE,1.25,2.62,0.59
ACH-000513,10,8,NA,NA,1.986472946,1.94,0.09
ACH-000557,10,8,NA,NA,2.126753507,2.23,0.21
ACH-000581,10,22,NA,TRUE,1.933867735,3.62,0.61
ACH-000582,10,17,NA,NA,1.916332665,1.77,0.43
ACH-000613,10,9,NA,NA,2.126753507,2.26,0.15
ACH-000616,10,29,NA,TRUE,1.25,6.44,0.45
ACH-000651,10,10,NA,NA,2.144288577,2.21,0.15
ACH-000685,10,8,NA,NA,2.196893788,2.13,0.42
ACH-000695,10,9,NA,NA,1.916332665,1.95,0
ACH-000748,10,4,NA,FALSE,1.986472946,2.05,0.17
ACH-000805,10,9,NA,NA,2.074148297,2.14,0.19
ACH-000831,10,10,NA,NA,2.196893788,2.32,0.04
ACH-000854,10,NA,NA,NA,1.951402806,NA,NA
ACH-000904,10,24,NA,TRUE,1.951402806,3.54,0.4
ACH-000912,10,9,NA,NA,1.776052104,1.86,0.07
ACH-000975,10,NA,NA,NA,1.25,NA,NA
ACH-001021,10,9,NA,NA,2.161823647,2.29,0.07
ACH-001030,10,NA,NA,NA,2.214428858,NA,NA
ACH-001038,10,NA,NA,NA,2.284569138,NA,NA
ACH-001042,10,9,NA,NA,2.179358717,2.23,0.1
ACH-001049,10,10,NA,NA,2.074148297,2.11,0.06
ACH-001132,10,NA,NA,NA,2.898296593,NA,NA
ACH-001197,10,NA,NA,NA,1.986472946,NA,NA
ACH-001229,10,NA,NA,NA,1.968937876,NA,NA
ACH-001321,10,11,NA,NA,1.951402806,1.93,0.25
ACH-001335,10,NA,NA,NA,1.986472946,NA,NA
ACH-001356,10,NA,NA,NA,2.039078156,NA,NA
ACH-001368,10,NA,NA,NA,1.951402806,NA,NA
ACH-001408,10,NA,NA,NA,1.898797595,NA,NA
ACH-001450,10,NA,NA,NA,2.021543086,NA,NA
ACH-001451,10,NA,NA,NA,1.916332665,NA,NA
ACH-001454,10,NA,NA,NA,2.214428858,NA,NA
ACH-001562,10,NA,NA,NA,2.074148297,NA,NA
ACH-001751,10,NA,NA,NA,2.074148297,NA,NA
ACH-002105,10,NA,NA,NA,2.161823647,NA,NA
ACH-002106,10,NA,NA,NA,1.828657315,NA,NA
ACH-002122,10,NA,NA,NA,2.179358717,NA,NA
ACH-002126,10,NA,NA,NA,1.793587174,NA,NA
ACH-002166,10,NA,NA,NA,2.091683367,NA,NA
ACH-002201,10,NA,NA,NA,2.109218437,NA,NA
ACH-002213,10,NA,NA,NA,2.126753507,NA,NA
ACH-000035,11,13,NA,NA,1.881262525,2.08,0.35
ACH-000046,11,7,NA,FALSE,2.091683367,1.22,0.16
ACH-000068,11,11,NA,NA,1.881262525,1.84,0.28
ACH-000087,11,9,NA,NA,2.179358717,2.27,0.06
ACH-000137,11,10,NA,NA,2.196893788,2.31,0.28
ACH-000146,11,11,NA,NA,2.021543086,2.13,0.01
ACH-000161,11,11,NA,NA,1.776052104,1.76,0.15
ACH-000169,11,14,NA,NA,2.161823647,2.26,0.18
ACH-000191,11,27,NA,TRUE,1.898797595,4.63,0.49
ACH-000198,11,9,NA,NA,2.074148297,2.19,0
ACH-000200,11,8,NA,NA,2.074148297,2.23,0.04
ACH-000210,11,2,NA,FALSE,2.039078156,2.1,0
ACH-000254,11,21,NA,NA,1.25,3.19,0.24
ACH-000313,11,5,NA,FALSE,1.986472946,1.99,0.01
ACH-000333,11,11,NA,NA,2.004008016,2.05,0.06
ACH-000365,11,9,NA,NA,2.091683367,2.19,0
ACH-000387,11,10,NA,NA,2.284569138,2.45,0.07
ACH-000388,11,5,NA,FALSE,2.056613226,2.18,0.44
ACH-000391,11,10,NA,NA,2.179358717,2.24,0.06
ACH-000487,11,8,NA,NA,1.951402806,1.92,0.13
ACH-000518,11,10,NA,NA,2.039078156,2.13,0.02
ACH-000541,11,13,NA,NA,1.898797595,1.9,0.49
ACH-000739,11,8,NA,NA,2.126753507,2.26,0.06
ACH-000792,11,8,NA,NA,1.916332665,2,0.68
ACH-000827,11,7,NA,FALSE,2.161823647,2.34,0.21
ACH-000864,11,10,NA,NA,2.179358717,2.31,0.02
ACH-000962,11,10,NA,NA,2.968436874,2.95,0.08
ACH-001048,11,17,NA,NA,1.811122244,1.67,0.52
ACH-001057,11,NA,NA,NA,2.021543086,NA,NA
ACH-001100,11,NA,NA,NA,2.039078156,NA,NA
ACH-001183,11,9,NA,NA,1.968937876,2.02,0.35
ACH-001203,11,8,NA,NA,2.039078156,2.1,0.43
ACH-001277,11,NA,NA,NA,2.056613226,NA,NA
ACH-001283,11,NA,NA,NA,2.039078156,NA,NA
ACH-001329,11,NA,NA,NA,1.933867735,NA,NA
ACH-001346,11,NA,NA,NA,1.881262525,NA,NA
ACH-001365,11,NA,NA,NA,2.267034068,NA,NA
ACH-001386,11,NA,NA,NA,1.898797595,NA,NA
ACH-001410,11,NA,NA,NA,2.179358717,NA,NA
ACH-001516,11,NA,NA,NA,2.109218437,NA,NA
ACH-001559,11,NA,NA,NA,2.056613226,NA,NA
ACH-001578,11,NA,NA,NA,2.44238477,NA,NA
ACH-001618,11,NA,NA,NA,2.144288577,NA,NA
ACH-002069,11,NA,NA,NA,2.004008016,NA,NA
ACH-002077,11,NA,NA,NA,1.863727455,NA,NA
ACH-002101,11,NA,NA,NA,2.004008016,NA,NA
ACH-002145,11,NA,NA,NA,1.986472946,NA,NA
ACH-002155,11,NA,NA,NA,2.004008016,NA,NA
ACH-002167,11,NA,NA,NA,1.846192385,NA,NA
ACH-002168,11,NA,NA,NA,1.916332665,NA,NA
ACH-002187,11,NA,NA,NA,1.811122244,NA,NA
ACH-002192,11,NA,NA,NA,1.793587174,NA,NA
ACH-002220,11,NA,NA,NA,2.214428858,NA,NA
ACH-002261,11,NA,NA,NA,1.863727455,NA,NA
ACH-000027,12,9,NA,NA,1.933867735,1.86,0.09
ACH-000044,12,8,NA,NA,1.968937876,1.99,0.17
ACH-000062,12,12,NA,NA,3.284068136,2.48,0.6
ACH-000072,12,14,NA,NA,2.337174349,2.28,0.31
ACH-000078,12,8,NA,NA,2.302104208,2.16,0.29
ACH-000121,12,12,NA,NA,1.916332665,1.9,0.12
ACH-000245,12,5,NA,FALSE,2.074148297,2.14,0.09
ACH-000247,12,10,NA,NA,2.074148297,2.35,0.06
ACH-000249,12,9,NA,NA,2.004008016,2.02,0.02
ACH-000257,12,10,NA,NA,1.793587174,1.78,0.29
ACH-000260,12,10,NA,NA,1.898797595,2.03,0.01
ACH-000261,12,10,NA,NA,2.319639279,2.37,0.25
ACH-000290,12,10,NA,NA,1.968937876,2.04,0.23
ACH-000383,12,27,NA,TRUE,1.986472946,2.54,0.55
ACH-000528,12,32,NA,TRUE,2.109218437,2.53,0.14
ACH-000600,12,20,NA,NA,1.740981964,1.83,0.28
ACH-000618,12,NA,NA,NA,2.004008016,NA,NA
ACH-000619,12,24,NA,TRUE,1.846192385,3.39,0.5
ACH-000715,12,8,NA,NA,2.021543086,2.04,0.1
ACH-000790,12,14,NA,NA,1.863727455,2.09,0.28
ACH-000822,12,8,NA,NA,1.968937876,1.94,0.03
ACH-000832,12,8,NA,NA,1.846192385,1.98,0.09
ACH-000855,12,14,NA,NA,3.021042084,3.14,0.11
ACH-000861,12,NA,NA,NA,2.004008016,NA,NA
ACH-000910,12,13,NA,NA,2.039078156,2.19,0.18
ACH-000916,12,15,NA,NA,1.723446894,1.71,0.09
ACH-000981,12,0,NA,FALSE,3.967935872,1.99,0.13
ACH-000983,12,10,NA,NA,2.126753507,2.24,0
ACH-001029,12,NA,NA,NA,2.214428858,NA,NA
ACH-001129,12,8,NA,NA,2.004008016,2.09,0.02
ACH-001143,12,NA,NA,NA,2.056613226,NA,NA
ACH-001171,12,11,NA,NA,1.688376754,1.75,0.09
ACH-001172,12,NA,NA,NA,2.337174349,NA,NA
ACH-001190,12,12,NA,NA,2.091683367,2.18,0.18
ACH-001442,12,NA,NA,NA,2.004008016,NA,NA
ACH-001569,12,NA,NA,NA,2.056613226,NA,NA
ACH-001649,12,NA,NA,NA,1.916332665,NA,NA
ACH-001844,12,NA,NA,NA,1.863727455,NA,NA
ACH-001846,12,NA,NA,NA,1.933867735,NA,NA
ACH-002019,12,NA,NA,NA,2.004008016,NA,NA
ACH-002025,12,NA,NA,NA,1.846192385,NA,NA
ACH-002100,12,NA,NA,NA,1.968937876,NA,NA
ACH-002104,12,NA,NA,NA,2.144288577,NA,NA
ACH-002115,12,NA,NA,NA,2.196893788,NA,NA
ACH-002174,12,NA,NA,NA,2.021543086,NA,NA
ACH-002196,12,NA,NA,NA,1.793587174,NA,NA
ACH-002205,12,NA,NA,NA,2.021543086,NA,NA
ACH-002230,12,NA,NA,NA,1.320140281,NA,NA
ACH-002256,12,NA,NA,NA,3.73997996,NA,NA
ACH-000050,13,10,NA,NA,1.968937876,2.06,0.14
ACH-000060,13,13,NA,NA,1.776052104,1.78,0.08
ACH-000132,13,14,NA,NA,1.740981964,1.86,0.37
ACH-000186,13,26,NA,TRUE,2.267034068,1.53,0.5
ACH-000274,13,10,NA,NA,2.056613226,2.14,0.03
ACH-000291,13,13,NA,NA,1.881262525,1.93,0.26
ACH-000316,13,7,NA,FALSE,1.951402806,1.93,0.08
ACH-000376,13,14,NA,NA,2.933366733,3.13,0.32
ACH-000382,13,12,NA,NA,1.740981964,1.78,0.02
ACH-000404,13,12,NA,NA,1.968937876,1.93,0.04
ACH-000416,13,9,NA,NA,1.986472946,2.36,0.12
ACH-000421,13,13,NA,NA,1.881262525,1.89,0.04
ACH-000430,13,17,NA,NA,2.407314629,2.5,0.15
ACH-000434,13,9,NA,NA,2.004008016,2.08,0.23
ACH-000439,13,10,NA,NA,2.021543086,2.08,0
ACH-000441,13,13,NA,NA,2.249498998,2.39,0.04
ACH-000459,13,12,NA,NA,1.881262525,1.88,0.17
ACH-000468,13,11,NA,NA,2.161823647,2.25,0.35
ACH-000473,13,12,NA,NA,1.916332665,2.04,0.12
ACH-000484,13,14,NA,NA,2.091683367,2.19,0.02
ACH-000496,13,16,NA,NA,1.951402806,2.28,0.17
ACH-000564,13,15,NA,NA,2.284569138,2.46,0.43
ACH-000575,13,18,NA,NA,1.740981964,3.78,0.35
ACH-000590,13,32,NA,TRUE,2.424849699,2.57,0.24
ACH-000594,13,13,NA,NA,1.828657315,1.9,0.25
ACH-000614,13,14,NA,NA,3.003507014,3.2,0.38
ACH-000624,13,16,NA,NA,2.231963928,2.38,0.15
ACH-000633,13,35,NA,TRUE,2.021543086,7.7,0.32
ACH-000639,13,14,NA,NA,1.776052104,1.92,0.06
ACH-000668,13,36,NA,TRUE,1.25,4.65,0.49
ACH-000771,13,7,NA,FALSE,2.021543086,2.03,0.05
ACH-000806,13,17,NA,NA,2.985971944,2.95,0.08
ACH-000898,13,10,NA,NA,2.161823647,2.3,0.1
ACH-000921,13,12,NA,NA,1.986472946,2.14,0.37
ACH-000951,13,27,NA,TRUE,2.056613226,4.55,0.54
ACH-000999,13,2,NA,FALSE,3.75751503,2.02,0.04
ACH-001145,13,10,NA,NA,2.915831663,2.96,0.07
ACH-001162,13,7,NA,FALSE,1.986472946,2.01,0
ACH-001206,13,NA,NA,NA,1.758517034,NA,NA
ACH-001280,13,NA,NA,NA,2.354709419,NA,NA
ACH-001430,13,NA,NA,NA,2.196893788,NA,NA
ACH-001529,13,NA,NA,NA,3.003507014,NA,NA
ACH-001541,13,NA,NA,NA,1.846192385,NA,NA
ACH-001820,13,NA,NA,NA,2.196893788,NA,NA
ACH-002041,13,NA,NA,NA,2.109218437,NA,NA
ACH-002090,13,NA,NA,NA,1.688376754,NA,NA
ACH-002110,13,NA,NA,NA,2.056613226,NA,NA
ACH-002134,13,NA,NA,NA,1.740981964,NA,NA
ACH-002139,13,NA,NA,NA,2.004008016,NA,NA
ACH-002142,13,NA,NA,NA,1.758517034,NA,NA
ACH-002146,13,NA,NA,NA,1.793587174,NA,NA
ACH-002271,13,NA,NA,NA,2.828156313,NA,NA
ACH-000009,14,16,NA,NA,2.056613226,1.38,0.72
ACH-000037,14,34,NA,TRUE,1.828657315,6.44,0.12
ACH-000082,14,11,NA,NA,2.056613226,2.38,0.28
ACH-000133,14,13,NA,NA,1.407815631,1.96,0.78
ACH-000138,14,12,NA,NA,1.811122244,1.76,0.21
ACH-000202,14,13,NA,NA,2.267034068,2.42,0.13
ACH-000213,14,24,NA,TRUE,3.248997996,3.25,0.41
ACH-000225,14,13,NA,NA,2.196893788,2.27,0.29
ACH-000228,14,15,NA,NA,2.004008016,2.17,0.41
ACH-000252,14,16,NA,NA,2.985971944,3.11,0.2
ACH-000255,14,25,NA,TRUE,2.45991984,2.6,0.13
ACH-000307,14,16,NA,NA,1.846192385,1.72,0.38
ACH-000321,14,10,NA,NA,2.214428858,2.28,0.3
ACH-000331,14,7,NA,FALSE,1.951402806,1.89,0.1
ACH-000399,14,11,NA,NA,1.811122244,1.79,0.12
ACH-000419,14,12,NA,NA,1.846192385,1.88,0.11
ACH-000428,14,NA,NA,NA,2.179358717,NA,NA
ACH-000429,14,12,NA,NA,1.986472946,1.99,0.34
ACH-000446,14,12,NA,NA,2.161823647,2.31,0.16
ACH-000486,14,14,NA,NA,3.021042084,1.87,0.38
ACH-000550,14,18,NA,NA,1.881262525,1.49,0.63
ACH-000660,14,2,NA,FALSE,2.004008016,1.97,0.08
ACH-000674,14,14,NA,NA,2.126753507,2.44,0.16
ACH-000696,14,28,NA,TRUE,2.179358717,2.56,0.16
ACH-000727,14,14,NA,NA,2.074148297,2.27,0.17
ACH-000758,14,14,NA,NA,2.039078156,2.3,0.07
ACH-000799,14,27,NA,TRUE,2.44238477,2.6,0.2
ACH-000813,14,7,NA,FALSE,1.933867735,1.9,0.05
ACH-000816,14,13,NA,NA,2.074148297,2.22,0.22
ACH-000837,14,14,NA,NA,2.231963928,2.38,0.19
ACH-000840,14,16,NA,NA,2.45991984,2.48,0.2
ACH-000878,14,14,NA,NA,1.705911824,1.73,0.03
ACH-000886,14,9,NA,NA,2.284569138,2.36,0.45
ACH-001000,14,16,NA,NA,3.266533066,3.45,0.24
ACH-001033,14,NA,NA,NA,2.214428858,NA,NA
ACH-001064,14,15,NA,NA,2.372244489,1.72,0.62
ACH-001198,14,16,NA,NA,2.740480962,2.84,0.19
ACH-001232,14,NA,NA,NA,2.319639279,NA,NA
ACH-001234,14,16,NA,NA,1.740981964,1.8,0.29
ACH-001360,14,NA,NA,NA,1.846192385,NA,NA
ACH-001376,14,NA,NA,NA,3.038577154,NA,NA
ACH-001398,14,NA,NA,NA,2.722945892,NA,NA
ACH-001495,14,NA,NA,NA,2.354709419,NA,NA
ACH-001552,14,NA,NA,NA,2.49498998,NA,NA
ACH-001561,14,NA,NA,NA,1.723446894,NA,NA
ACH-001630,14,NA,NA,NA,1.758517034,NA,NA
ACH-002018,14,NA,NA,NA,1.811122244,NA,NA
ACH-002066,14,NA,NA,NA,2.039078156,NA,NA
ACH-002132,14,NA,NA,NA,1.776052104,NA,NA
ACH-002216,14,NA,NA,NA,3.70490982,NA,NA
ACH-002288,14,NA,NA,NA,2.985971944,NA,NA
ACH-002314,14,NA,NA,NA,2.354709419,NA,NA
ACH-002335,14,NA,NA,NA,1.705911824,NA,NA
ACH-002349,14,NA,NA,NA,3.79258517,NA,NA
ACH-002460,14,NA,NA,NA,2.44238477,NA,NA
ACH-002509,14,NA,NA,NA,3.669839679,NA,NA
ACH-000042,15,18,NA,NA,1.898797595,3.52,0.43
ACH-000074,15,11,NA,NA,2.49498998,1.36,0.31
ACH-000114,15,21,NA,NA,2.950901804,3.17,0.49
ACH-000118,15,13,NA,NA,1.828657315,1.87,0.03
ACH-000151,15,10,NA,NA,2.214428858,2.33,0.14
ACH-000270,15,16,NA,NA,2.705410822,2.88,0.11
ACH-000279,15,19,NA,NA,1.776052104,3.3,0.58
ACH-000289,15,7,NA,FALSE,3.950400802,2.1,0.14
ACH-000319,15,12,NA,NA,2.214428858,2.33,0.17
ACH-000339,15,NA,NA,NA,2.49498998,NA,NA
ACH-000364,15,16,NA,NA,2.828156313,3.09,0.24
ACH-000366,15,7,NA,FALSE,3.79258517,2.04,0.43
ACH-000379,15,29,NA,TRUE,2.354709419,2.51,0.14
ACH-000389,15,16,NA,NA,3.038577154,3.18,0.05
ACH-000435,15,13,NA,NA,3.371743487,1.9,0.6
ACH-000490,15,NA,NA,NA,2.407314629,NA,NA
ACH-000525,15,13,NA,NA,1.828657315,1.82,0.22
ACH-000547,15,20,NA,NA,3.213927856,3.35,0.22
ACH-000586,15,28,NA,TRUE,2.337174349,2.59,0.42
ACH-000664,15,16,NA,NA,3.354208417,3.44,0.33
ACH-000734,15,14,NA,NA,1.933867735,2.2,0.6
ACH-000736,15,12,NA,NA,2.179358717,2.24,0.18
ACH-000847,15,15,NA,NA,2.793086172,3.08,0.21
ACH-000889,15,15,NA,NA,3.038577154,3.08,0.59
ACH-000911,15,13,NA,NA,2.161823647,2.45,0.23
ACH-000927,15,27,NA,TRUE,2.161823647,2.68,0.37
ACH-000933,15,8,NA,NA,1.986472946,2.06,0.14
ACH-001079,15,16,NA,NA,1.688376754,1.77,0.43
ACH-001088,15,15,NA,NA,2.284569138,2.36,0.35
ACH-001214,15,16,NA,NA,2.635270541,2.74,0.31
ACH-001350,15,NA,NA,NA,2.775551102,NA,NA
ACH-001383,15,NA,NA,NA,2.319639279,NA,NA
ACH-001390,15,NA,NA,NA,2.407314629,NA,NA
ACH-001496,15,NA,NA,NA,1.776052104,NA,NA
ACH-001497,15,NA,NA,NA,2.810621242,NA,NA
ACH-001530,15,NA,NA,NA,3.161322645,NA,NA
ACH-001563,15,NA,NA,NA,4.090681363,NA,NA
ACH-001573,15,NA,NA,NA,2.898296593,NA,NA
ACH-001606,15,NA,NA,NA,3.196392786,NA,NA
ACH-001623,15,NA,NA,NA,2.389779559,NA,NA
ACH-001625,15,NA,NA,NA,2.196893788,NA,NA
ACH-001632,15,NA,NA,NA,1.828657315,NA,NA
ACH-001694,15,NA,NA,NA,1.968937876,NA,NA
ACH-001793,15,NA,NA,NA,2.45991984,NA,NA
ACH-001960,15,NA,NA,NA,3.143787575,NA,NA
ACH-002159,15,NA,NA,NA,3.038577154,NA,NA
ACH-002251,15,NA,NA,NA,2.179358717,NA,NA
ACH-002317,15,NA,NA,NA,3.915330661,NA,NA
ACH-002336,15,NA,NA,NA,3.021042084,NA,NA
ACH-002461,15,NA,NA,NA,2.968436874,NA,NA
ACH-002512,15,NA,NA,NA,1.811122244,NA,NA
ACH-000036,16,14,NA,NA,2.810621242,2.91,0.13
ACH-000076,16,7,NA,FALSE,2.179358717,1.18,0.24
ACH-000094,16,27,NA,TRUE,2.424849699,2.61,0.15
ACH-000116,16,15,NA,NA,2.231963928,2.46,0.32
ACH-000153,16,31,NA,TRUE,1.758517034,4.67,0.22
ACH-000181,16,22,NA,TRUE,3.091182365,3.34,0.19
ACH-000211,16,21,NA,NA,2.126753507,2.43,0.49
ACH-000212,16,34,NA,TRUE,2.284569138,6.94,0.38
ACH-000219,16,16,NA,NA,2.617735471,2.76,0.06
ACH-000278,16,17,NA,NA,1.776052104,1.82,0.33
ACH-000285,16,14,NA,NA,2.231963928,2.33,0.1
ACH-000298,16,10,NA,NA,1.600701403,1.9,0.22
ACH-000317,16,11,NA,NA,1.828657315,1.89,0.43
ACH-000348,16,29,NA,TRUE,2.337174349,2.53,0.2
ACH-000356,16,17,NA,NA,1.740981964,1.85,0.04
ACH-000406,16,22,NA,TRUE,2.49498998,2.6,0.14
ACH-000420,16,17,NA,NA,2.267034068,2.49,0.19
ACH-000427,16,15,NA,NA,1.881262525,1.86,0.01
ACH-000443,16,17,NA,NA,1.933867735,2.02,0.1
ACH-000452,16,24,NA,TRUE,2.407314629,2.7,0.55
ACH-000466,16,15,NA,NA,2.091683367,2.24,0.28
ACH-000508,16,13,NA,NA,1.776052104,1.92,0.28
ACH-000537,16,15,NA,NA,2.196893788,2.24,0.06
ACH-000562,16,7,NA,FALSE,4.073146293,2.15,0.25
ACH-000606,16,16,NA,NA,2.004008016,2.06,0.33
ACH-000667,16,32,NA,TRUE,2.722945892,7.74,0.25
ACH-000672,16,15,NA,NA,2.337174349,2.47,0.21
ACH-000735,16,9,NA,NA,2.004008016,2.05,0.1
ACH-000747,16,16,NA,NA,2.302104208,2.44,0.12
ACH-000751,16,16,NA,NA,3.178857715,3.32,0.52
ACH-000753,16,16,NA,NA,3.196392786,3.36,0.44
ACH-000759,16,12,NA,NA,1.846192385,2.04,0.54
ACH-000760,16,16,NA,NA,3.266533066,3.48,0.16
ACH-000761,16,32,NA,TRUE,1.723446894,5.5,0.41
ACH-000815,16,18,NA,NA,2.898296593,2.96,0.11
ACH-000826,16,27,NA,TRUE,2.389779559,2.54,0.09
ACH-000859,16,30,NA,TRUE,2.231963928,4.53,0.32
ACH-000869,16,29,NA,TRUE,2.47745491,2.59,0.24
ACH-000897,16,15,NA,NA,2.44238477,2.45,0.3
ACH-000963,16,4,NA,FALSE,3.652304609,1.98,0.17
ACH-000994,16,5,NA,FALSE,3.932865731,2.02,0.3
ACH-001039,16,19,NA,NA,3.178857715,3.34,0.18
ACH-001086,16,NA,NA,NA,3.476953908,NA,NA
ACH-001194,16,15,NA,NA,1.968937876,2.04,0.16
ACH-001200,16,NA,NA,NA,3.932865731,NA,NA
ACH-001306,16,23,NA,TRUE,2.915831663,3.19,0.43
ACH-001353,16,NA,NA,NA,2.354709419,NA,NA
ACH-001354,16,NA,NA,NA,3.178857715,NA,NA
ACH-001379,16,NA,NA,NA,2.49498998,NA,NA
ACH-001392,16,NA,NA,NA,2.424849699,NA,NA
ACH-001401,16,NA,NA,NA,2.985971944,NA,NA
ACH-001513,16,NA,NA,NA,2.49498998,NA,NA
ACH-001655,16,NA,NA,NA,2.652805611,NA,NA
ACH-001715,16,NA,NA,NA,2.179358717,NA,NA
ACH-001848,16,NA,NA,NA,3.073647295,NA,NA
ACH-002067,16,NA,NA,NA,2.389779559,NA,NA
ACH-002096,16,NA,NA,NA,2.793086172,NA,NA
ACH-002112,16,NA,NA,NA,2.319639279,NA,NA
ACH-002119,16,NA,NA,NA,2.337174349,NA,NA
ACH-002135,16,NA,NA,NA,1.723446894,NA,NA
ACH-002153,16,NA,NA,NA,3.266533066,NA,NA
ACH-002161,16,NA,NA,NA,2.196893788,NA,NA
ACH-002198,16,NA,NA,NA,2.670340681,NA,NA
ACH-002208,16,NA,NA,NA,3.178857715,NA,NA
ACH-002258,16,NA,NA,NA,3.669839679,NA,NA
ACH-002268,16,NA,NA,NA,2.354709419,NA,NA
ACH-002295,16,NA,NA,NA,2.47745491,NA,NA
ACH-002309,16,NA,NA,NA,3.213927856,NA,NA
ACH-000015,17,19,NA,NA,1.670841683,1.66,0.4
ACH-000057,17,NA,NA,NA,3.284068136,NA,NA
ACH-000058,17,18,NA,NA,1.670841683,1.71,0.2
ACH-000097,17,15,NA,NA,2.968436874,3.3,0.25
ACH-000100,17,22,NA,TRUE,3.178857715,3.34,0.3
ACH-000109,17,30,NA,TRUE,1.916332665,6.75,0.45
ACH-000159,17,16,NA,NA,1.670841683,1.64,0.47
ACH-000174,17,21,NA,NA,2.863226453,1.6,0.44
ACH-000182,17,NA,NA,NA,1.898797595,NA,NA
ACH-000190,17,16,NA,NA,2.44238477,2.49,0.33
ACH-000300,17,16,NA,NA,2.319639279,2.46,0.21
ACH-000309,17,27,NA,TRUE,1.933867735,4,0.3
ACH-000350,17,17,NA,NA,2.372244489,2.4,0.12
ACH-000372,17,7,NA,FALSE,3.79258517,1.97,0.35
ACH-000396,17,8,NA,NA,2.950901804,1.95,0.75
ACH-000410,17,NA,NA,NA,2.372244489,NA,NA
ACH-000454,17,29,NA,TRUE,1.407815631,2.55,0.53
ACH-000457,17,15,NA,NA,2.109218437,2.45,0.09
ACH-000463,17,21,NA,NA,2.47745491,2.54,0.08
ACH-000480,17,26,NA,TRUE,2.407314629,2.54,0.22
ACH-000521,17,15,NA,NA,2.021543086,2.12,0.45
ACH-000605,17,27,NA,TRUE,2.45991984,2.7,0.33
ACH-000610,17,23,NA,TRUE,2.249498998,2.52,0.13
ACH-000666,17,17,NA,NA,2.161823647,2.4,0.09
ACH-000670,17,19,NA,NA,2.810621242,2.97,0.36
ACH-000675,17,25,NA,TRUE,2.44238477,2.63,0.24
ACH-000681,17,23,NA,TRUE,2.617735471,2.85,0.08
ACH-000691,17,30,NA,TRUE,2.354709419,2.76,0.16
ACH-000701,17,15,NA,NA,1.881262525,1.76,0.05
ACH-000713,17,18,NA,NA,1.530561122,1.71,0.2
ACH-000720,17,18,NA,NA,3.038577154,3.15,0.35
ACH-000737,17,32,NA,TRUE,2.45991984,2.69,0.13
ACH-000738,17,18,NA,NA,2.670340681,3.02,0.14
ACH-000766,17,16,NA,NA,2.372244489,2.5,0.11
ACH-000779,17,NA,NA,NA,2.950901804,NA,NA
ACH-000787,17,17,NA,NA,2.880761523,3.11,0.34
ACH-000809,17,11,NA,NA,2.179358717,2.26,0.4
ACH-000853,17,12,NA,NA,2.337174349,1.35,0.67
ACH-000867,17,16,NA,NA,2.074148297,2.24,0.15
ACH-000900,17,27,NA,TRUE,2.161823647,2.56,0.23
ACH-000917,17,31,NA,TRUE,2.337174349,2.63,0.16
ACH-000926,17,11,NA,NA,1.863727455,1.78,0.36
ACH-000973,17,13,NA,NA,2.372244489,2.3,0.59
ACH-001016,17,19,NA,NA,2.758016032,2.8,0.34
ACH-001063,17,14,NA,NA,3.161322645,3.21,0.1
ACH-001087,17,NA,NA,NA,2.793086172,NA,NA
ACH-001092,17,17,NA,NA,2.372244489,2.42,0.12
ACH-001096,17,NA,NA,NA,3.038577154,NA,NA
ACH-001173,17,NA,NA,NA,2.302104208,NA,NA
ACH-001224,17,20,NA,NA,2.319639279,2.56,0.37
ACH-001340,17,NA,NA,NA,1.793587174,NA,NA
ACH-001415,17,NA,NA,NA,2.161823647,NA,NA
ACH-001433,17,NA,NA,NA,3.652304609,NA,NA
ACH-001511,17,NA,NA,NA,2.056613226,NA,NA
ACH-001687,17,NA,NA,NA,2.44238477,NA,NA
ACH-001699,17,NA,NA,NA,3.266533066,NA,NA
ACH-001961,17,NA,NA,NA,2.880761523,NA,NA
ACH-002023,17,NA,NA,NA,2.828156313,NA,NA
ACH-002052,17,NA,NA,NA,2.950901804,NA,NA
ACH-002116,17,NA,NA,NA,2.337174349,NA,NA
ACH-002152,17,NA,NA,NA,3.178857715,NA,NA
ACH-002202,17,NA,NA,NA,2.722945892,NA,NA
ACH-002204,17,NA,NA,NA,1.828657315,NA,NA
ACH-002243,17,NA,NA,NA,2.49498998,NA,NA
ACH-002269,17,NA,NA,NA,3.284068136,NA,NA
ACH-002280,17,NA,NA,NA,2.933366733,NA,NA
ACH-002340,17,NA,NA,NA,3.319138277,NA,NA
ACH-002345,17,NA,NA,NA,1.600701403,NA,NA
ACH-000029,18,NA,NA,NA,2.49498998,NA,NA
ACH-000030,18,19,NA,NA,2.898296593,3.33,0.21
ACH-000048,18,6,NA,FALSE,2.372244489,1.07,0.35
ACH-000093,18,16,NA,NA,3.7750501,3.67,0.06
ACH-000115,18,17,NA,NA,3.266533066,3.38,0.1
ACH-000127,18,16,NA,NA,2.898296593,2.96,0.17
ACH-000178,18,24,NA,TRUE,2.337174349,2.51,0.32
ACH-000192,18,28,NA,TRUE,2.179358717,2.54,0.15
ACH-000204,18,5,NA,FALSE,3.582164329,1.92,0.32
ACH-000215,18,27,NA,TRUE,3.371743487,3.5,0.28
ACH-000232,18,17,NA,NA,2.845691383,2.87,0.25
ACH-000233,18,11,NA,NA,3.143787575,1.79,0.53
ACH-000242,18,19,NA,NA,3.73997996,3.8,0.11
ACH-000248,18,31,NA,TRUE,3.284068136,3.75,0.17
ACH-000262,18,23,NA,TRUE,3.021042084,3.01,0.17
ACH-000264,18,19,NA,NA,2.53006012,2.71,0.23
ACH-000282,18,21,NA,NA,2.898296593,2.82,0.42
ACH-000303,18,17,NA,NA,3.75751503,4.22,0.14
ACH-000355,18,18,NA,NA,2.51252505,2.7,0.24
ACH-000358,18,16,NA,NA,1.653306613,1.64,0.09
ACH-000361,18,19,NA,NA,2.758016032,2.89,0.32
ACH-000368,18,5,NA,FALSE,3.7750501,2,0.22
ACH-000407,18,29,NA,TRUE,2.389779559,5.09,0.29
ACH-000412,18,12,NA,NA,2.039078156,2.09,0.41
ACH-000422,18,22,NA,TRUE,2.985971944,3.04,0.18
ACH-000431,18,17,NA,NA,2.214428858,2.47,0.14
ACH-000448,18,17,NA,NA,2.810621242,3.02,0.25
ACH-000455,18,NA,NA,NA,3.161322645,NA,NA
ACH-000456,18,18,NA,NA,2.985971944,3.2,0.09
ACH-000476,18,22,NA,TRUE,3.424348697,3.44,0.36
ACH-000485,18,29,NA,TRUE,3.459418838,3.72,0.2
ACH-000493,18,33,NA,TRUE,2.389779559,7.64,0.57
ACH-000504,18,NA,NA,NA,2.47745491,NA,NA
ACH-000512,18,NA,NA,NA,3.932865731,NA,NA
ACH-000522,18,24,NA,TRUE,3.476953908,3.61,0.22
ACH-000545,18,5,NA,FALSE,3.389278557,2.07,0.5
ACH-000552,18,18,NA,NA,2.950901804,3.12,0.23
ACH-000578,18,25,NA,TRUE,2.337174349,2.55,0.43
ACH-000588,18,26,NA,TRUE,3.476953908,3.51,0.13
ACH-000625,18,21,NA,NA,2.775551102,2.83,0.14
ACH-000661,18,25,NA,TRUE,2.389779559,2.53,0.24
ACH-000671,18,15,NA,NA,2.354709419,2.01,0.58
ACH-000684,18,6,NA,FALSE,3.284068136,1.94,0.64
ACH-000693,18,27,NA,TRUE,2.354709419,2.69,0.27
ACH-000743,18,16,NA,NA,2.828156313,2.92,0.17
ACH-000750,18,17,NA,NA,3.073647295,3.29,0.42
ACH-000768,18,17,NA,NA,2.705410822,2.8,0.38
ACH-000835,18,16,NA,NA,2.793086172,2.87,0.39
ACH-000836,18,18,NA,NA,2.933366733,3.03,0.05
ACH-000839,18,19,NA,NA,3.108717435,3.24,0.53
ACH-000843,18,23,NA,TRUE,2.758016032,2.95,0.26
ACH-000848,18,18,NA,NA,3.003507014,3.1,0.15
ACH-000851,18,6,NA,FALSE,2.354709419,1.16,0.34
ACH-000852,18,18,NA,NA,1.793587174,1.87,0.09
ACH-000865,18,19,NA,NA,2.056613226,2.39,0.17
ACH-000882,18,18,NA,NA,3.143787575,3.23,0.3
ACH-000896,18,28,NA,TRUE,2.47745491,2.51,0.5
ACH-000929,18,27,NA,TRUE,2.45991984,2.67,0.3
ACH-000990,18,13,NA,NA,3.72244489,1.67,0.22
ACH-001032,18,NA,NA,NA,3.108717435,NA,NA
ACH-001111,18,NA,NA,NA,3.178857715,NA,NA
ACH-001193,18,NA,NA,NA,3.529559118,NA,NA
ACH-001249,18,16,NA,NA,3.161322645,3.42,0.65
ACH-001367,18,NA,NA,NA,3.441883768,NA,NA
ACH-001417,18,NA,NA,NA,2.267034068,NA,NA
ACH-001441,18,NA,NA,NA,3.634769539,NA,NA
ACH-001461,18,NA,NA,NA,2.319639279,NA,NA
ACH-001489,18,NA,NA,NA,2.758016032,NA,NA
ACH-001494,18,NA,NA,NA,3.021042084,NA,NA
ACH-001549,18,NA,NA,NA,2.354709419,NA,NA
ACH-001609,18,NA,NA,NA,2.039078156,NA,NA
ACH-001619,18,NA,NA,NA,3.143787575,NA,NA
ACH-001653,18,NA,NA,NA,2.302104208,NA,NA
ACH-001674,18,NA,NA,NA,3.161322645,NA,NA
ACH-001799,18,NA,NA,NA,3.406813627,NA,NA
ACH-001814,18,NA,NA,NA,3.301603206,NA,NA
ACH-001955,18,NA,NA,NA,1.583166333,NA,NA
ACH-001957,18,NA,NA,NA,1.635771543,NA,NA
ACH-002002,18,NA,NA,NA,2.758016032,NA,NA
ACH-002003,18,NA,NA,NA,2.793086172,NA,NA
ACH-002051,18,NA,NA,NA,2.49498998,NA,NA
ACH-002091,18,NA,NA,NA,2.705410822,NA,NA
ACH-002108,18,NA,NA,NA,3.091182365,NA,NA
ACH-002120,18,NA,NA,NA,2.49498998,NA,NA
ACH-002140,18,NA,NA,NA,3.81012024,NA,NA
ACH-002141,18,NA,NA,NA,2.968436874,NA,NA
ACH-002154,18,NA,NA,NA,3.073647295,NA,NA
ACH-002206,18,NA,NA,NA,3.143787575,NA,NA
ACH-002249,18,NA,NA,NA,3.319138277,NA,NA
ACH-002253,18,NA,NA,NA,3.512024048,NA,NA
ACH-002265,18,NA,NA,NA,2.915831663,NA,NA
ACH-002282,18,NA,NA,NA,3.038577154,NA,NA
ACH-002337,18,NA,NA,NA,2.44238477,NA,NA
ACH-002348,18,NA,NA,NA,3.599699399,NA,NA
ACH-000008,19,22,NA,TRUE,2.337174349,2.63,0.22
ACH-000047,19,22,NA,TRUE,2.51252505,2.75,0.19
ACH-000179,19,19,NA,NA,2.915831663,3.1,0.18
ACH-000197,19,NA,NA,NA,3.827655311,NA,NA
ACH-000220,19,14,NA,NA,3.056112224,3.15,0.22
ACH-000222,19,25,NA,TRUE,2.424849699,2.54,0.07
ACH-000269,19,6,NA,FALSE,3.266533066,1.9,0.43
ACH-000283,19,24,NA,TRUE,2.565130261,2.79,0.08
ACH-000292,19,25,NA,TRUE,2.47745491,2.59,0.23
ACH-000294,19,20,NA,NA,3.441883768,1.62,0.34
ACH-000296,19,16,NA,NA,2.635270541,2.85,0.32
ACH-000301,19,18,NA,NA,2.880761523,3.11,0.05
ACH-000311,19,20,NA,NA,2.267034068,2.49,0.18
ACH-000320,19,24,NA,TRUE,2.845691383,2.85,0.28
ACH-000322,19,16,NA,NA,2.652805611,2.91,0.44
ACH-000325,19,13,NA,NA,3.161322645,3.27,0.14
ACH-000349,19,18,NA,NA,1.565631263,1.75,0.38
ACH-000378,19,16,NA,NA,3.248997996,3.31,0.24
ACH-000381,19,19,NA,NA,2.705410822,2.85,0.31
ACH-000409,19,31,NA,TRUE,2.424849699,2.89,0.38
ACH-000417,19,28,NA,TRUE,2.372244489,2.52,0.24
ACH-000469,19,9,NA,NA,3.634769539,1.96,0.21
ACH-000472,19,25,NA,TRUE,2.407314629,2.65,0.39
ACH-000482,19,18,NA,NA,2.845691383,2.99,0.19
ACH-000507,19,23,NA,TRUE,2.652805611,2.96,0.25
ACH-000520,19,27,NA,TRUE,2.407314629,2.6,0.36
ACH-000523,19,23,NA,TRUE,2.284569138,2.56,0.28
ACH-000543,19,13,NA,NA,3.476953908,1.83,0.69
ACH-000571,19,14,NA,NA,2.51252505,2.84,0.41
ACH-000601,19,17,NA,NA,2.617735471,2.84,0.2
ACH-000621,19,17,NA,NA,2.144288577,2.44,0.39
ACH-000634,19,30,NA,TRUE,3.476953908,3.58,0.26
ACH-000638,19,19,NA,NA,2.670340681,2.73,0.36
ACH-000647,19,26,NA,TRUE,2.319639279,2.71,0.2
ACH-000665,19,23,NA,TRUE,2.372244489,2.64,0.24
ACH-000702,19,20,NA,NA,2.845691383,2.89,0.23
ACH-000706,19,NA,NA,NA,2.775551102,NA,NA
ACH-000711,19,24,NA,TRUE,2.49498998,2.62,0.23
ACH-000722,19,18,NA,NA,3.126252505,3.31,0.15
ACH-000749,19,18,NA,NA,2.53006012,2.73,0.13
ACH-000767,19,23,NA,TRUE,2.985971944,3.08,0.09
ACH-000802,19,20,NA,NA,2.670340681,2.76,0.29
ACH-000808,19,14,NA,NA,2.337174349,2.42,0.2
ACH-000842,19,24,NA,TRUE,2.302104208,2.56,0.14
ACH-000860,19,24,NA,TRUE,3.126252505,3.46,0.13
ACH-000899,19,16,NA,NA,2.319639279,2.32,0.54
ACH-000901,19,19,NA,NA,3.178857715,3.36,0.36
ACH-000924,19,33,NA,TRUE,4.441382766,4.64,0.21
ACH-000930,19,20,NA,NA,2.933366733,3.31,0.26
ACH-000931,19,27,NA,TRUE,3.424348697,3.58,0.33
ACH-001001,19,20,NA,NA,3.354208417,3.61,0.34
ACH-001065,19,23,NA,TRUE,2.828156313,3,0.2
ACH-001066,19,NA,NA,NA,2.47745491,NA,NA
ACH-001072,19,19,NA,NA,2.775551102,2.88,0.11
ACH-001125,19,19,NA,NA,1.583166333,1.62,0.57
ACH-001151,19,NA,NA,NA,2.407314629,NA,NA
ACH-001332,19,NA,NA,NA,2.915831663,NA,NA
ACH-001364,19,NA,NA,NA,2.722945892,NA,NA
ACH-001395,19,NA,NA,NA,1.740981964,NA,NA
ACH-001412,19,NA,NA,NA,3.266533066,NA,NA
ACH-001453,19,NA,NA,NA,3.196392786,NA,NA
ACH-001567,19,NA,NA,NA,2.45991984,NA,NA
ACH-001568,19,NA,NA,NA,2.880761523,NA,NA
ACH-001607,19,NA,NA,NA,2.845691383,NA,NA
ACH-001645,19,NA,NA,NA,2.880761523,NA,NA
ACH-001692,19,NA,NA,NA,2.284569138,NA,NA
ACH-001698,19,NA,NA,NA,3.038577154,NA,NA
ACH-001711,19,NA,NA,NA,3.617234469,NA,NA
ACH-001740,19,NA,NA,NA,3.599699399,NA,NA
ACH-001819,19,NA,NA,NA,2.337174349,NA,NA
ACH-001997,19,NA,NA,NA,3.143787575,NA,NA
ACH-002001,19,NA,NA,NA,2.828156313,NA,NA
ACH-002011,19,NA,NA,NA,2.231963928,NA,NA
ACH-002040,19,NA,NA,NA,2.793086172,NA,NA
ACH-002043,19,NA,NA,NA,2.49498998,NA,NA
ACH-002099,19,NA,NA,NA,2.722945892,NA,NA
ACH-002111,19,NA,NA,NA,3.564629259,NA,NA
ACH-002136,19,NA,NA,NA,3.143787575,NA,NA
ACH-002143,19,NA,NA,NA,3.389278557,NA,NA
ACH-002151,19,NA,NA,NA,2.582665331,NA,NA
ACH-002179,19,NA,NA,NA,1.863727455,NA,NA
ACH-002185,19,NA,NA,NA,3.196392786,NA,NA
ACH-002186,19,NA,NA,NA,1.653306613,NA,NA
ACH-002194,19,NA,NA,NA,2.985971944,NA,NA
ACH-002209,19,NA,NA,NA,2.565130261,NA,NA
ACH-002278,19,NA,NA,NA,3.319138277,NA,NA
ACH-002279,19,NA,NA,NA,3.599699399,NA,NA
ACH-002289,19,NA,NA,NA,3.564629259,NA,NA
ACH-002298,19,NA,NA,NA,3.056112224,NA,NA
ACH-002306,19,NA,NA,NA,3.669839679,NA,NA
ACH-002446,19,NA,NA,NA,2.372244489,NA,NA
ACH-000018,20,24,NA,TRUE,3.371743487,3.65,0.35
ACH-000022,20,26,NA,TRUE,2.933366733,3.24,0.37
ACH-000052,20,3,NA,FALSE,3.424348697,2.01,0.12
ACH-000102,20,10,NA,NA,2.968436874,1.38,0.65
ACH-000103,20,26,NA,TRUE,2.45991984,2.57,0.1
ACH-000111,20,14,NA,NA,2.267034068,1.4,0.2
ACH-000128,20,20,NA,NA,4.248496994,4.33,0.21
ACH-000142,20,21,NA,NA,2.915831663,3.01,0.21
ACH-000193,20,20,NA,NA,3.021042084,2.99,0.25
ACH-000238,20,21,NA,NA,2.880761523,3.12,0.36
ACH-000253,20,NA,NA,NA,2.950901804,NA,NA
ACH-000265,20,19,NA,NA,3.108717435,3.19,0.32
ACH-000276,20,24,NA,TRUE,2.687875752,1.61,0.44
ACH-000280,20,22,NA,TRUE,3.003507014,3.11,0.19
ACH-000286,20,NA,NA,NA,2.722945892,NA,NA
ACH-000327,20,19,NA,NA,2.565130261,2.73,0.14
ACH-000450,20,18,NA,NA,3.161322645,3.28,0.13
ACH-000483,20,20,NA,NA,3.161322645,3.32,0.22
ACH-000499,20,20,NA,NA,3.003507014,3.06,0.18
ACH-000506,20,20,NA,NA,2.828156313,3.08,0.22
ACH-000511,20,20,NA,NA,2.652805611,2.84,0.27
ACH-000565,20,18,NA,NA,3.073647295,3.33,0.28
ACH-000569,20,19,NA,NA,3.336673347,3.31,0.09
ACH-000573,20,20,NA,NA,1.653306613,1.67,0.24
ACH-000577,20,22,NA,TRUE,1.793587174,2.82,0.42
ACH-000591,20,21,NA,NA,4.020541082,4.03,0.41
ACH-000632,20,21,NA,NA,2.775551102,2.75,0.31
ACH-000643,20,34,NA,TRUE,2.231963928,4.85,0.28
ACH-000652,20,21,NA,NA,3.582164329,3.8,0.04
ACH-000653,20,20,NA,NA,2.670340681,2.85,0.22
ACH-000663,20,24,NA,TRUE,3.354208417,3.43,0.21
ACH-000676,20,NA,NA,NA,3.547094188,NA,NA
ACH-000679,20,26,NA,TRUE,2.319639279,2.69,0.27
ACH-000703,20,21,NA,NA,3.512024048,3.56,0.2
ACH-000705,20,33,NA,TRUE,1.407815631,7.51,0.41
ACH-000756,20,11,NA,NA,4.213426854,2.29,0.44
ACH-000762,20,14,NA,NA,2.933366733,2.91,0.14
ACH-000765,20,25,NA,TRUE,2.45991984,2.59,0.46
ACH-000769,20,3,NA,FALSE,2.424849699,1.2,0.32
ACH-000774,20,29,NA,TRUE,2.424849699,2.82,0.55
ACH-000777,20,15,NA,NA,2.933366733,3.26,0.33
ACH-000778,20,19,NA,NA,2.670340681,2.74,0.15
ACH-000803,20,22,NA,TRUE,2.863226453,3.17,0.09
ACH-000871,20,21,NA,NA,2.47745491,2.77,0.06
ACH-000873,20,12,NA,NA,2.915831663,1.46,0.31
ACH-000884,20,21,NA,NA,2.53006012,2.6,0.1
ACH-000979,20,24,NA,TRUE,2.617735471,2.68,0.38
ACH-000985,20,17,NA,NA,3.213927856,3.41,0.31
ACH-001023,20,18,NA,NA,3.248997996,3.31,0.26
ACH-001024,20,19,NA,NA,3.389278557,3.49,0.25
ACH-001090,20,19,NA,NA,2.985971944,3.12,0.13
ACH-001126,20,9,NA,NA,3.512024048,1.93,0.62
ACH-001336,20,NA,NA,NA,3.266533066,NA,NA
ACH-001402,20,NA,NA,NA,3.354208417,NA,NA
ACH-001411,20,NA,NA,NA,2.687875752,NA,NA
ACH-001510,20,NA,NA,NA,3.091182365,NA,NA
ACH-001515,20,NA,NA,NA,2.915831663,NA,NA
ACH-001540,20,NA,NA,NA,3.161322645,NA,NA
ACH-001543,20,NA,NA,NA,2.793086172,NA,NA
ACH-001558,20,NA,NA,NA,3.056112224,NA,NA
ACH-001577,20,NA,NA,NA,3.319138277,NA,NA
ACH-001690,20,NA,NA,NA,3.213927856,NA,NA
ACH-001804,20,NA,NA,NA,3.424348697,NA,NA
ACH-001858,20,NA,NA,NA,2.687875752,NA,NA
ACH-002004,20,NA,NA,NA,2.968436874,NA,NA
ACH-002058,20,NA,NA,NA,3.79258517,NA,NA
ACH-002083,20,NA,NA,NA,2.793086172,NA,NA
ACH-002089,20,NA,NA,NA,3.213927856,NA,NA
ACH-002121,20,NA,NA,NA,2.740480962,NA,NA
ACH-002200,20,NA,NA,NA,3.494488978,NA,NA
ACH-002237,20,NA,NA,NA,2.933366733,NA,NA
ACH-002240,20,NA,NA,NA,3.073647295,NA,NA
ACH-002260,20,NA,NA,NA,2.880761523,NA,NA
ACH-002266,20,NA,NA,NA,3.231462926,NA,NA
ACH-002285,20,NA,NA,NA,3.038577154,NA,NA
ACH-002305,20,NA,NA,NA,3.038577154,NA,NA
ACH-002459,20,NA,NA,NA,2.635270541,NA,NA
ACH-000024,21,22,TRUE,TRUE,3.108717435,3.35,0.08
ACH-000041,21,24,TRUE,TRUE,3.073647295,3.03,0.11
ACH-000144,21,23,TRUE,TRUE,2.354709419,2.74,0.16
ACH-000207,21,22,TRUE,TRUE,2.758016032,3.02,0.17
ACH-000217,21,16,TRUE,NA,3.038577154,1.72,0.31
ACH-000246,21,NA,TRUE,NA,3.371743487,NA,NA
ACH-000297,21,22,TRUE,TRUE,2.635270541,2.93,0.08
ACH-000335,21,6,TRUE,FALSE,3.494488978,1.93,0.31
ACH-000342,21,13,TRUE,NA,1.758517034,1.92,0.48
ACH-000351,21,19,TRUE,NA,2.898296593,3.15,0.29
ACH-000353,21,27,TRUE,TRUE,2.670340681,2.77,0.31
ACH-000359,21,21,TRUE,NA,3.056112224,3.22,0.22
ACH-000360,21,9,TRUE,NA,4.055611222,2.31,0.46
ACH-000400,21,31,TRUE,TRUE,3.319138277,3.68,0.32
ACH-000403,21,25,TRUE,TRUE,2.950901804,3.1,0.23
ACH-000442,21,22,TRUE,TRUE,2.880761523,2.78,0.58
ACH-000453,21,11,TRUE,NA,3.266533066,1.91,0.39
ACH-000465,21,20,TRUE,NA,3.512024048,3.61,0.09
ACH-000475,21,17,TRUE,NA,3.021042084,2.94,0.26
ACH-000488,21,19,TRUE,NA,2.54759519,2.82,0.23
ACH-000495,21,19,TRUE,NA,2.424849699,2.44,0.44
ACH-000514,21,21,TRUE,NA,2.793086172,2.86,0.49
ACH-000527,21,23,TRUE,TRUE,2.845691383,2.88,0.36
ACH-000542,21,5,TRUE,FALSE,3.73997996,2.03,0.29
ACH-000544,21,25,TRUE,TRUE,3.003507014,3.22,0.37
ACH-000553,21,20,TRUE,NA,3.003507014,3.04,0.15
ACH-000556,21,NA,TRUE,NA,2.845691383,NA,NA
ACH-000574,21,22,TRUE,TRUE,2.775551102,2.97,0.11
ACH-000593,21,22,TRUE,TRUE,3.091182365,3.17,0.2
ACH-000604,21,13,TRUE,NA,3.880260521,1.99,0.55
ACH-000608,21,24,TRUE,TRUE,2.45991984,2.62,0.28
ACH-000640,21,25,TRUE,TRUE,3.336673347,3.54,0.4
ACH-000644,21,22,TRUE,TRUE,2.915831663,3.22,0.29
ACH-000648,21,22,TRUE,TRUE,3.845190381,3.94,0.19
ACH-000650,21,13,TRUE,NA,2.740480962,1.76,0.32
ACH-000678,21,22,TRUE,TRUE,2.845691383,3.19,0.14
ACH-000694,21,24,TRUE,TRUE,3.161322645,3.19,0.42
ACH-000710,21,21,TRUE,NA,2.722945892,2.79,0.38
ACH-000714,21,23,TRUE,TRUE,3.003507014,3.29,0.13
ACH-000716,21,16,TRUE,NA,3.231462926,3.31,0.25
ACH-000746,21,23,TRUE,TRUE,2.758016032,2.76,0.32
ACH-000783,21,11,TRUE,NA,3.529559118,1.96,0.17
ACH-000784,21,23,TRUE,TRUE,2.44238477,2.69,0.37
ACH-000785,21,18,TRUE,NA,3.371743487,3.45,0.41
ACH-000800,21,20,TRUE,NA,3.196392786,3.16,0.42
ACH-000812,21,19,TRUE,NA,2.810621242,2.8,0.28
ACH-000819,21,23,TRUE,TRUE,2.51252505,2.6,0.29
ACH-000824,21,24,TRUE,TRUE,3.687374749,3.75,0.13
ACH-000828,21,13,TRUE,NA,3.73997996,1.98,0.28
ACH-000870,21,22,TRUE,TRUE,2.915831663,3.08,0.47
ACH-000891,21,NA,TRUE,NA,2.740480962,NA,NA
ACH-000905,21,21,TRUE,NA,3.021042084,3.06,0.1
ACH-000907,21,15,TRUE,NA,3.231462926,3.31,0.05
ACH-000976,21,21,TRUE,NA,3.354208417,3.28,0.26
ACH-001017,21,NA,TRUE,NA,2.758016032,NA,NA
ACH-001060,21,NA,TRUE,NA,3.73997996,NA,NA
ACH-001071,21,NA,TRUE,NA,2.705410822,NA,NA
ACH-001121,21,22,TRUE,TRUE,3.108717435,3.19,0.03
ACH-001138,21,23,TRUE,TRUE,2.863226453,3,0.25
ACH-001341,21,NA,TRUE,NA,3.038577154,NA,NA
ACH-001362,21,NA,TRUE,NA,2.600200401,NA,NA
ACH-001370,21,NA,TRUE,NA,2.652805611,NA,NA
ACH-001460,21,NA,TRUE,NA,2.722945892,NA,NA
ACH-001509,21,NA,TRUE,NA,3.476953908,NA,NA
ACH-001521,21,NA,TRUE,NA,3.196392786,NA,NA
ACH-001560,21,NA,TRUE,NA,3.406813627,NA,NA
ACH-001673,21,NA,TRUE,NA,2.915831663,NA,NA
ACH-001750,21,NA,TRUE,NA,3.126252505,NA,NA
ACH-001838,21,NA,TRUE,NA,3.336673347,NA,NA
ACH-001841,21,NA,TRUE,NA,2.652805611,NA,NA
ACH-001970,21,NA,TRUE,NA,2.635270541,NA,NA
ACH-002022,21,NA,TRUE,NA,3.687374749,NA,NA
ACH-002042,21,NA,TRUE,NA,3.336673347,NA,NA
ACH-002062,21,NA,TRUE,NA,3.441883768,NA,NA
ACH-002117,21,NA,TRUE,NA,3.021042084,NA,NA
ACH-002133,21,NA,TRUE,NA,3.161322645,NA,NA
ACH-002226,21,NA,TRUE,NA,3.161322645,NA,NA
ACH-002286,21,NA,TRUE,NA,2.828156313,NA,NA
ACH-002287,21,NA,TRUE,NA,2.687875752,NA,NA
ACH-002297,21,NA,TRUE,NA,3.248997996,NA,NA
ACH-000004,22,20,TRUE,NA,2.652805611,2.84,0.05
ACH-000005,22,19,TRUE,NA,2.617735471,2.8,0.12
ACH-000012,22,21,TRUE,NA,2.652805611,2.74,0.18
ACH-000013,22,21,TRUE,NA,3.003507014,3.13,0.16
ACH-000066,22,20,TRUE,NA,3.406813627,3.47,0.5
ACH-000164,22,23,TRUE,TRUE,2.652805611,2.82,0.41
ACH-000205,22,22,TRUE,TRUE,3.336673347,3.46,0.29
ACH-000268,22,18,TRUE,NA,3.213927856,3.24,0.16
ACH-000308,22,21,TRUE,NA,2.705410822,2.88,0.33
ACH-000330,22,26,TRUE,TRUE,2.722945892,2.93,0.24
ACH-000334,22,21,TRUE,NA,3.056112224,3.13,0.26
ACH-000338,22,20,TRUE,NA,3.248997996,3.44,0.3
ACH-000343,22,18,TRUE,NA,2.144288577,2.42,0.14
ACH-000369,22,7,TRUE,FALSE,3.512024048,1.83,0.33
ACH-000392,22,24,TRUE,TRUE,3.003507014,2.99,0.56
ACH-000401,22,27,TRUE,TRUE,2.565130261,2.81,0.28
ACH-000423,22,20,TRUE,NA,3.547094188,4.05,0.39
ACH-000425,22,9,TRUE,NA,3.512024048,1.81,0.29
ACH-000444,22,24,TRUE,TRUE,2.424849699,2.71,0.1
ACH-000458,22,14,TRUE,NA,2.775551102,1.38,0.36
ACH-000467,22,22,TRUE,TRUE,2.740480962,2.94,0.22
ACH-000471,22,23,TRUE,TRUE,2.793086172,2.8,0.26
ACH-000515,22,21,TRUE,NA,2.389779559,2.65,0.42
ACH-000536,22,25,TRUE,TRUE,2.302104208,2.62,0.11
ACH-000551,22,15,TRUE,NA,3.038577154,3.05,0.14
ACH-000559,22,18,TRUE,NA,2.898296593,3.07,0.29
ACH-000570,22,20,TRUE,NA,3.126252505,3.19,0.42
ACH-000598,22,14,TRUE,NA,3.652304609,1.93,0.36
ACH-000623,22,27,TRUE,TRUE,3.389278557,3.32,0.49
ACH-000628,22,23,TRUE,TRUE,2.880761523,3.1,0.42
ACH-000630,22,24,TRUE,TRUE,3.424348697,3.43,0.08
ACH-000677,22,27,TRUE,TRUE,3.476953908,3.48,0.08
ACH-000764,22,28,TRUE,TRUE,2.635270541,4.75,0.34
ACH-000773,22,10,TRUE,NA,3.652304609,1.9,0.41
ACH-000776,22,26,TRUE,TRUE,3.284068136,3.66,0.22
ACH-000821,22,24,TRUE,TRUE,3.038577154,3.09,0.2
ACH-000823,22,21,TRUE,NA,2.880761523,3,0.28
ACH-000834,22,20,TRUE,NA,2.793086172,2.84,0.32
ACH-000846,22,20,TRUE,NA,2.705410822,1.72,0.58
ACH-000883,22,7,TRUE,FALSE,3.617234469,1.89,0.51
ACH-000890,22,21,TRUE,NA,2.722945892,2.93,0.3
ACH-000894,22,31,TRUE,TRUE,3.354208417,3.99,0.39
ACH-000915,22,25,TRUE,TRUE,3.424348697,3.56,0.32
ACH-000935,22,14,TRUE,NA,3.75751503,2.12,0.42
ACH-000968,22,22,TRUE,TRUE,3.582164329,3.68,0.34
ACH-001043,22,26,TRUE,TRUE,3.72244489,2.91,0.1
ACH-001050,22,NA,TRUE,NA,3.319138277,NA,NA
ACH-001089,22,25,TRUE,TRUE,2.705410822,2.76,0.27
ACH-001098,22,18,TRUE,NA,2.687875752,2.8,0.12
ACH-001101,22,26,TRUE,TRUE,2.424849699,2.53,0.36
ACH-001107,22,NA,TRUE,NA,2.51252505,NA,NA
ACH-001318,22,20,TRUE,NA,2.424849699,2.58,0.26
ACH-001339,22,NA,TRUE,NA,2.828156313,NA,NA
ACH-001380,22,NA,TRUE,NA,2.968436874,NA,NA
ACH-001409,22,NA,TRUE,NA,3.161322645,NA,NA
ACH-001443,22,NA,TRUE,NA,3.003507014,NA,NA
ACH-001458,22,NA,TRUE,NA,2.915831663,NA,NA
ACH-001526,22,NA,TRUE,NA,2.985971944,NA,NA
ACH-001538,22,NA,TRUE,NA,2.705410822,NA,NA
ACH-001542,22,NA,TRUE,NA,2.758016032,NA,NA
ACH-001556,22,NA,TRUE,NA,2.793086172,NA,NA
ACH-001557,22,NA,TRUE,NA,2.933366733,NA,NA
ACH-001611,22,NA,TRUE,NA,3.196392786,NA,NA
ACH-001622,22,NA,TRUE,NA,2.51252505,NA,NA
ACH-001628,22,NA,TRUE,NA,4.003006012,NA,NA
ACH-001652,22,NA,TRUE,NA,3.389278557,NA,NA
ACH-001702,22,NA,TRUE,NA,2.793086172,NA,NA
ACH-001745,22,NA,TRUE,NA,3.617234469,NA,NA
ACH-001765,22,NA,TRUE,NA,2.617735471,NA,NA
ACH-001790,22,NA,TRUE,NA,3.75751503,NA,NA
ACH-001796,22,NA,TRUE,NA,3.441883768,NA,NA
ACH-001999,22,NA,TRUE,NA,3.038577154,NA,NA
ACH-002093,22,NA,TRUE,NA,2.722945892,NA,NA
ACH-002125,22,NA,TRUE,NA,2.898296593,NA,NA
ACH-002170,22,NA,TRUE,NA,2.828156313,NA,NA
ACH-002177,22,NA,TRUE,NA,3.354208417,NA,NA
ACH-002182,22,NA,TRUE,NA,2.687875752,NA,NA
ACH-002193,22,NA,TRUE,NA,3.564629259,NA,NA
ACH-002244,22,NA,TRUE,NA,3.441883768,NA,NA
ACH-002263,22,NA,TRUE,NA,2.898296593,NA,NA
ACH-002397,22,NA,TRUE,NA,3.862725451,NA,NA
ACH-000019,23,18,TRUE,NA,3.669839679,2.02,0.45
ACH-000129,23,7,TRUE,FALSE,3.459418838,2.04,0.4
ACH-000139,23,21,TRUE,NA,3.056112224,3.32,0.37
ACH-000187,23,24,TRUE,TRUE,3.126252505,3.45,0.07
ACH-000209,23,19,TRUE,NA,2.793086172,2.8,0.27
ACH-000218,23,23,TRUE,TRUE,3.862725451,4.03,0.35
ACH-000266,23,18,TRUE,NA,3.003507014,3.01,0.05
ACH-000293,23,22,TRUE,TRUE,2.600200401,2.7,0.22
ACH-000295,23,14,TRUE,NA,3.389278557,1.93,0.48
ACH-000305,23,28,TRUE,TRUE,3.441883768,3.66,0.38
ACH-000328,23,NA,TRUE,NA,2.670340681,NA,NA
ACH-000374,23,29,TRUE,TRUE,3.459418838,3.69,0.3
ACH-000377,23,23,TRUE,TRUE,2.845691383,2.89,0.2
ACH-000380,23,11,TRUE,NA,3.547094188,1.87,0.2
ACH-000470,23,21,TRUE,NA,3.301603206,3.45,0.4
ACH-000481,23,24,TRUE,TRUE,2.652805611,2.91,0.36
ACH-000489,23,24,TRUE,TRUE,2.687875752,2.76,0.02
ACH-000535,23,23,TRUE,TRUE,2.45991984,2.52,0.15
ACH-000560,23,21,TRUE,NA,3.617234469,3.78,0.07
ACH-000568,23,23,TRUE,TRUE,2.600200401,2.78,0.17
ACH-000584,23,20,TRUE,NA,3.108717435,1.67,0.41
ACH-000596,23,22,TRUE,TRUE,2.652805611,2.9,0.32
ACH-000622,23,21,TRUE,NA,3.178857715,3.2,0.18
ACH-000637,23,24,TRUE,TRUE,2.565130261,2.82,0.34
ACH-000680,23,22,TRUE,TRUE,2.740480962,2.95,0.26
ACH-000686,23,29,TRUE,TRUE,3.003507014,3.03,0.34
ACH-000692,23,25,TRUE,TRUE,4.195891784,4.39,0.18
ACH-000723,23,21,TRUE,NA,3.248997996,3.3,0.43
ACH-000744,23,23,TRUE,TRUE,2.635270541,2.82,0.15
ACH-000791,23,19,TRUE,NA,3.319138277,3.48,0.33
ACH-000801,23,NA,TRUE,NA,3.091182365,NA,NA
ACH-000810,23,18,TRUE,NA,3.687374749,3.84,0.45
ACH-000838,23,4,TRUE,FALSE,3.617234469,1.91,0.44
ACH-000844,23,24,TRUE,TRUE,2.793086172,2.98,0.3
ACH-000857,23,27,TRUE,TRUE,2.45991984,2.65,0.34
ACH-000934,23,23,TRUE,TRUE,2.600200401,2.75,0.19
ACH-000941,23,6,TRUE,FALSE,3.634769539,1.95,0.22
ACH-001036,23,17,TRUE,NA,3.459418838,1.81,0.39
ACH-001044,23,25,TRUE,TRUE,2.687875752,2.72,0.29
ACH-001113,23,28,TRUE,TRUE,1.705911824,7.44,0.35
ACH-001230,23,9,TRUE,NA,3.81012024,2.13,0.45
ACH-001233,23,20,TRUE,NA,2.407314629,2.44,0.18
ACH-001347,23,NA,TRUE,NA,2.617735471,NA,NA
ACH-001359,23,NA,TRUE,NA,2.565130261,NA,NA
ACH-001384,23,NA,TRUE,NA,3.494488978,NA,NA
ACH-001407,23,NA,TRUE,NA,4.458917836,NA,NA
ACH-001523,23,NA,TRUE,NA,3.336673347,NA,NA
ACH-001555,23,NA,TRUE,NA,3.108717435,NA,NA
ACH-001566,23,NA,TRUE,NA,3.126252505,NA,NA
ACH-001624,23,NA,TRUE,NA,4.914829659,NA,NA
ACH-001650,23,NA,TRUE,NA,2.565130261,NA,NA
ACH-001654,23,NA,TRUE,NA,2.53006012,NA,NA
ACH-001719,23,NA,TRUE,NA,3.021042084,NA,NA
ACH-001795,23,NA,TRUE,NA,3.547094188,NA,NA
ACH-001834,23,NA,TRUE,NA,2.600200401,NA,NA
ACH-001850,23,NA,TRUE,NA,3.72244489,NA,NA
ACH-001856,23,NA,TRUE,NA,3.70490982,NA,NA
ACH-002044,23,NA,TRUE,NA,2.740480962,NA,NA
ACH-002045,23,NA,TRUE,NA,2.51252505,NA,NA
ACH-002046,23,NA,TRUE,NA,3.161322645,NA,NA
ACH-002107,23,NA,TRUE,NA,3.213927856,NA,NA
ACH-002127,23,NA,TRUE,NA,3.213927856,NA,NA
ACH-002129,23,NA,TRUE,NA,2.47745491,NA,NA
ACH-002176,23,NA,TRUE,NA,2.705410822,NA,NA
ACH-002195,23,NA,TRUE,NA,2.933366733,NA,NA
ACH-002225,23,NA,TRUE,NA,3.266533066,NA,NA
ACH-002228,23,NA,TRUE,NA,4.248496994,NA,NA
ACH-002311,23,NA,TRUE,NA,2.933366733,NA,NA
ACH-002363,23,NA,TRUE,NA,2.600200401,NA,NA
ACH-002387,23,NA,TRUE,NA,3.196392786,NA,NA
ACH-002458,23,NA,TRUE,NA,2.617735471,NA,NA
ACH-000011,24,NA,TRUE,NA,2.652805611,NA,NA
ACH-000098,24,22,TRUE,TRUE,2.722945892,2.88,0.32
ACH-000112,24,22,TRUE,TRUE,3.441883768,3.55,0.21
ACH-000141,24,23,TRUE,TRUE,3.091182365,3.12,0.15
ACH-000148,24,24,TRUE,TRUE,2.582665331,2.65,0.3
ACH-000158,24,18,TRUE,NA,3.003507014,3.04,0.16
ACH-000216,24,22,TRUE,TRUE,3.003507014,3.16,0.16
ACH-000221,24,22,TRUE,TRUE,2.670340681,2.69,0.13
ACH-000223,24,24,TRUE,TRUE,3.75751503,4.06,0.46
ACH-000237,24,22,TRUE,TRUE,2.565130261,2.7,0.36
ACH-000243,24,24,TRUE,TRUE,2.617735471,3.03,0.47
ACH-000277,24,8,TRUE,NA,3.371743487,2.07,0.36
ACH-000393,24,18,TRUE,NA,2.670340681,2.7,0.16
ACH-000503,24,22,TRUE,TRUE,2.863226453,2.98,0.41
ACH-000505,24,33,TRUE,TRUE,4.160821643,4.63,0.3
ACH-000517,24,24,TRUE,TRUE,2.810621242,2.87,0.26
ACH-000530,24,24,TRUE,TRUE,2.915831663,3,0.34
ACH-000548,24,21,TRUE,NA,2.740480962,2.85,0.46
ACH-000587,24,23,TRUE,TRUE,2.49498998,2.9,0.64
ACH-000589,24,21,TRUE,NA,2.652805611,2.89,0.25
ACH-000592,24,20,TRUE,NA,2.810621242,2.93,0.14
ACH-000620,24,26,TRUE,TRUE,3.827655311,4.15,0.21
ACH-000689,24,24,TRUE,TRUE,3.441883768,3.69,0.31
ACH-000708,24,11,TRUE,NA,3.617234469,1.85,0.46
ACH-000718,24,23,TRUE,TRUE,2.968436874,2.99,0.38
ACH-000757,24,NA,TRUE,NA,2.985971944,NA,NA
ACH-000775,24,23,TRUE,TRUE,2.687875752,2.69,0.3
ACH-000781,24,21,TRUE,NA,2.53006012,2.66,0.34
ACH-000793,24,24,TRUE,TRUE,3.336673347,3.68,0.25
ACH-000817,24,27,TRUE,TRUE,2.898296593,2.98,0.26
ACH-000820,24,21,TRUE,NA,2.863226453,3.04,0.02
ACH-000841,24,24,TRUE,TRUE,2.652805611,2.84,0.15
ACH-000845,24,25,TRUE,TRUE,2.845691383,2.87,0.35
ACH-000858,24,24,TRUE,TRUE,2.319639279,2.62,0.02
ACH-000862,24,14,TRUE,NA,3.266533066,1.8,0.36
ACH-000875,24,10,TRUE,NA,3.73997996,2.06,0.34
ACH-001002,24,NA,TRUE,NA,3.932865731,NA,NA
ACH-001137,24,NA,TRUE,NA,3.79258517,NA,NA
ACH-001270,24,NA,TRUE,NA,2.758016032,NA,NA
ACH-001328,24,NA,TRUE,NA,3.512024048,NA,NA
ACH-001373,24,NA,TRUE,NA,3.021042084,NA,NA
ACH-001399,24,NA,TRUE,NA,3.932865731,NA,NA
ACH-001413,24,NA,TRUE,NA,2.705410822,NA,NA
ACH-001418,24,NA,TRUE,NA,3.143787575,NA,NA
ACH-001544,24,NA,TRUE,NA,3.213927856,NA,NA
ACH-001845,24,NA,TRUE,NA,3.494488978,NA,NA
ACH-001857,24,NA,TRUE,NA,2.740480962,NA,NA
ACH-001862,24,NA,TRUE,NA,2.810621242,NA,NA
ACH-002029,24,NA,TRUE,NA,2.793086172,NA,NA
ACH-002095,24,NA,TRUE,NA,3.231462926,NA,NA
ACH-002199,24,NA,TRUE,NA,2.863226453,NA,NA
ACH-002264,24,NA,TRUE,NA,3.81012024,NA,NA
ACH-002291,24,NA,TRUE,NA,2.635270541,NA,NA
ACH-002511,24,NA,TRUE,NA,3.196392786,NA,NA
ACH-000001,25,26,TRUE,TRUE,3.178857715,3.52,0.29
ACH-000021,25,26,TRUE,TRUE,2.705410822,2.9,0.29
ACH-000028,25,20,TRUE,NA,3.512024048,3.68,0.22
ACH-000108,25,25,TRUE,TRUE,2.687875752,2.78,0.09
ACH-000155,25,20,TRUE,NA,2.49498998,2.68,0.15
ACH-000163,25,22,TRUE,TRUE,3.301603206,3.5,0.23
ACH-000231,25,22,TRUE,TRUE,2.985971944,3.08,0.32
ACH-000235,25,20,TRUE,NA,2.670340681,2.79,0.34
ACH-000236,25,18,TRUE,NA,2.828156313,3.12,0.25
ACH-000288,25,10,TRUE,NA,2.968436874,1.34,0.59
ACH-000332,25,27,TRUE,TRUE,3.126252505,3.2,0.28
ACH-000354,25,24,TRUE,TRUE,2.54759519,2.91,0.36
ACH-000394,25,23,TRUE,TRUE,2.810621242,3.09,0.28
ACH-000408,25,24,TRUE,TRUE,2.722945892,2.98,0.3
ACH-000436,25,NA,TRUE,NA,3.494488978,NA,NA
ACH-000447,25,24,TRUE,TRUE,3.617234469,3.92,0.29
ACH-000451,25,30,TRUE,TRUE,2.670340681,2.68,0.34
ACH-000516,25,35,TRUE,TRUE,3.669839679,7.72,0.37
ACH-000617,25,27,TRUE,TRUE,2.705410822,2.99,0.22
ACH-000655,25,NA,TRUE,NA,2.53006012,NA,NA
ACH-000673,25,25,TRUE,TRUE,2.758016032,2.79,0.22
ACH-000682,25,NA,TRUE,NA,4.581663327,NA,NA
ACH-000683,25,26,TRUE,TRUE,2.54759519,2.72,0.52
ACH-000698,25,24,TRUE,TRUE,2.54759519,2.85,0.16
ACH-000699,25,14,TRUE,NA,2.740480962,1.48,0.34
ACH-000704,25,24,TRUE,TRUE,3.494488978,3.78,0.07
ACH-000726,25,18,TRUE,NA,3.284068136,1.8,0.52
ACH-000741,25,NA,TRUE,NA,2.863226453,NA,NA
ACH-000789,25,28,TRUE,TRUE,2.51252505,2.62,0.2
ACH-000807,25,24,TRUE,TRUE,4.406312625,4.42,0.28
ACH-000863,25,27,TRUE,TRUE,3.70490982,3.79,0.18
ACH-000872,25,NA,TRUE,NA,2.985971944,NA,NA
ACH-000888,25,19,TRUE,NA,3.108717435,3.4,0.14
ACH-000892,25,24,TRUE,TRUE,3.617234469,3.87,0.18
ACH-001041,25,NA,TRUE,NA,2.950901804,NA,NA
ACH-001045,25,24,TRUE,TRUE,2.582665331,2.71,0.32
ACH-001054,25,NA,TRUE,NA,3.70490982,NA,NA
ACH-001225,25,25,TRUE,TRUE,3.897795591,4.08,0.17
ACH-001228,25,NA,TRUE,NA,3.038577154,NA,NA
ACH-001239,25,10,TRUE,NA,3.459418838,1.94,0.39
ACH-001307,25,24,TRUE,TRUE,2.880761523,2.83,0.38
ACH-001358,25,NA,TRUE,NA,2.828156313,NA,NA
ACH-001524,25,NA,TRUE,NA,2.985971944,NA,NA
ACH-001551,25,NA,TRUE,NA,3.599699399,NA,NA
ACH-001626,25,NA,TRUE,NA,2.687875752,NA,NA
ACH-001641,25,NA,TRUE,NA,3.073647295,NA,NA
ACH-001704,25,NA,TRUE,NA,3.196392786,NA,NA
ACH-001802,25,NA,TRUE,NA,3.687374749,NA,NA
ACH-001836,25,NA,TRUE,NA,2.635270541,NA,NA
ACH-002147,25,NA,TRUE,NA,2.652805611,NA,NA
ACH-002164,25,NA,TRUE,NA,4.143286573,NA,NA
ACH-002171,25,NA,TRUE,NA,2.652805611,NA,NA
ACH-002175,25,NA,TRUE,NA,3.371743487,NA,NA
ACH-002250,25,NA,TRUE,NA,3.143787575,NA,NA
ACH-002294,25,NA,TRUE,NA,4.108216433,NA,NA
ACH-002296,25,NA,TRUE,NA,2.775551102,NA,NA
ACH-002310,25,NA,TRUE,NA,3.406813627,NA,NA
ACH-002312,25,NA,TRUE,NA,2.51252505,NA,NA
ACH-002313,25,NA,TRUE,NA,3.073647295,NA,NA
ACH-002338,25,NA,TRUE,NA,3.091182365,NA,NA
ACH-002389,25,NA,TRUE,NA,3.582164329,NA,NA
ACH-002508,25,NA,TRUE,NA,2.915831663,NA,NA
ACH-000026,26,NA,TRUE,NA,2.565130261,NA,NA
ACH-000089,26,NA,TRUE,NA,3.021042084,NA,NA
ACH-000239,26,28,TRUE,TRUE,2.740480962,2.9,0.14
ACH-000250,26,11,TRUE,NA,3.126252505,1.91,0.12
ACH-000318,26,29,TRUE,TRUE,2.705410822,2.78,0.39
ACH-000324,26,27,TRUE,TRUE,2.828156313,2.82,0.14
ACH-000337,26,NA,TRUE,NA,3.7750501,NA,NA
ACH-000395,26,23,TRUE,TRUE,2.51252505,2.6,0.38
ACH-000415,26,23,TRUE,TRUE,3.038577154,2.97,0.26
ACH-000433,26,23,TRUE,TRUE,2.793086172,3.28,0.48
ACH-000491,26,29,TRUE,TRUE,2.687875752,2.83,0.25
ACH-000500,26,25,TRUE,TRUE,3.091182365,2.95,0.54
ACH-000532,26,26,TRUE,TRUE,2.740480962,2.8,0.28
ACH-000572,26,28,TRUE,TRUE,2.933366733,3.24,0.2
ACH-000579,26,30,TRUE,TRUE,3.231462926,8.3,0.4
ACH-000599,26,26,TRUE,TRUE,4.038076152,4.19,0.36
ACH-000615,26,25,TRUE,TRUE,3.880260521,4.02,0.39
ACH-000641,26,13,TRUE,NA,3.827655311,1.94,0.29
ACH-000646,26,27,TRUE,TRUE,3.73997996,3.83,0.36
ACH-000717,26,22,TRUE,TRUE,2.968436874,2.89,0.35
ACH-000724,26,23,TRUE,TRUE,5.00250501,2.88,0.58
ACH-000731,26,25,TRUE,TRUE,2.45991984,2.68,0.15
ACH-000733,26,25,TRUE,TRUE,2.775551102,2.96,0.42
ACH-000818,26,19,TRUE,NA,3.617234469,1.91,0.46
ACH-000849,26,22,TRUE,TRUE,2.705410822,1.58,0.46
ACH-000876,26,15,TRUE,NA,3.213927856,1.63,0.38
ACH-000893,26,24,TRUE,TRUE,2.845691383,2.92,0.32
ACH-000992,26,24,TRUE,TRUE,2.740480962,2.93,0.2
ACH-001136,26,NA,TRUE,NA,2.985971944,NA,NA
ACH-001382,26,NA,TRUE,NA,3.494488978,NA,NA
ACH-001394,26,NA,TRUE,NA,3.126252505,NA,NA
ACH-001419,26,NA,TRUE,NA,2.810621242,NA,NA
ACH-001517,26,NA,TRUE,NA,3.476953908,NA,NA
ACH-001525,26,NA,TRUE,NA,2.985971944,NA,NA
ACH-001591,26,NA,TRUE,NA,3.143787575,NA,NA
ACH-001599,26,NA,TRUE,NA,3.599699399,NA,NA
ACH-001608,26,NA,TRUE,NA,2.54759519,NA,NA
ACH-001651,26,NA,TRUE,NA,3.476953908,NA,NA
ACH-001688,26,NA,TRUE,NA,5.160320641,NA,NA
ACH-001852,26,NA,TRUE,NA,3.266533066,NA,NA
ACH-001861,26,NA,TRUE,NA,2.687875752,NA,NA
ACH-002024,26,NA,TRUE,NA,2.635270541,NA,NA
ACH-002039,26,NA,TRUE,NA,3.73997996,NA,NA
ACH-002144,26,NA,TRUE,NA,3.354208417,NA,NA
ACH-002162,26,NA,TRUE,NA,3.143787575,NA,NA
ACH-002178,26,NA,TRUE,NA,3.582164329,NA,NA
ACH-002207,26,NA,TRUE,NA,2.828156313,NA,NA
ACH-000017,27,27,TRUE,TRUE,3.72244489,4.04,0.27
ACH-000023,27,23,TRUE,TRUE,2.880761523,3.02,0.18
ACH-000031,27,13,TRUE,NA,3.669839679,1.86,0.24
ACH-000090,27,29,TRUE,TRUE,2.775551102,3.09,0.28
ACH-000117,27,19,TRUE,NA,2.933366733,1.8,0.35
ACH-000152,27,26,TRUE,TRUE,3.862725451,4.06,0.23
ACH-000196,27,18,TRUE,NA,4.476452906,2.46,0.59
ACH-000234,27,16,TRUE,NA,5.230460922,1.43,0.57
ACH-000251,27,NA,TRUE,NA,3.213927856,NA,NA
ACH-000397,27,29,TRUE,TRUE,3.406813627,3.4,0.2
ACH-000445,27,11,TRUE,NA,4.651803607,1.2,0.64
ACH-000477,27,7,TRUE,FALSE,3.512024048,1.95,0.5
ACH-000501,27,26,TRUE,TRUE,2.828156313,2.66,0.28
ACH-000524,27,30,TRUE,TRUE,2.600200401,2.8,0.37
ACH-000563,27,25,TRUE,TRUE,2.582665331,3.03,0.12
ACH-000585,27,26,TRUE,TRUE,2.775551102,3.19,0.12
ACH-000700,27,NA,TRUE,NA,4.178356713,NA,NA
ACH-000725,27,28,TRUE,TRUE,2.775551102,2.94,0.29
ACH-000752,27,15,TRUE,NA,4.458917836,2.42,0.17
ACH-000804,27,6,TRUE,FALSE,3.529559118,1.97,0.6
ACH-000887,27,NA,TRUE,NA,3.72244489,NA,NA
ACH-001363,27,NA,TRUE,NA,3.7750501,NA,NA
ACH-001375,27,NA,TRUE,NA,3.056112224,NA,NA
ACH-001403,27,NA,TRUE,NA,2.793086172,NA,NA
ACH-001416,27,NA,TRUE,NA,3.669839679,NA,NA
ACH-001456,27,NA,TRUE,NA,2.775551102,NA,NA
ACH-001835,27,NA,TRUE,NA,2.933366733,NA,NA
ACH-001853,27,NA,TRUE,NA,3.248997996,NA,NA
ACH-001864,27,NA,TRUE,NA,3.003507014,NA,NA
ACH-002017,27,NA,TRUE,NA,2.705410822,NA,NA
ACH-002038,27,NA,TRUE,NA,3.529559118,NA,NA
ACH-002181,27,NA,TRUE,NA,2.617735471,NA,NA
ACH-002231,27,NA,TRUE,NA,3.424348697,NA,NA
ACH-002386,27,NA,TRUE,NA,2.54759519,NA,NA
ACH-000085,28,26,TRUE,TRUE,2.687875752,2.73,0.14
ACH-000256,28,29,TRUE,TRUE,3.687374749,3.96,0.4
ACH-000323,28,13,TRUE,NA,3.862725451,1.33,0.64
ACH-000347,28,26,TRUE,TRUE,3.862725451,4.13,0.22
ACH-000460,28,28,TRUE,TRUE,2.968436874,2.9,0.28
ACH-000478,28,25,TRUE,TRUE,2.687875752,2.92,0.5
ACH-000555,28,24,TRUE,TRUE,3.319138277,3.28,0.11
ACH-000595,28,26,TRUE,TRUE,3.669839679,3.81,0.37
ACH-000631,28,8,TRUE,NA,3.494488978,1.9,0.43
ACH-000635,28,27,TRUE,TRUE,2.758016032,3.12,0.3
ACH-000649,28,24,TRUE,TRUE,3.652304609,3.71,0.18
ACH-000690,28,27,TRUE,TRUE,3.126252505,3.31,0.33
ACH-000721,28,26,TRUE,TRUE,3.512024048,3.62,0.21
ACH-000740,28,23,TRUE,TRUE,2.810621242,2.95,0.44
ACH-000796,28,6,TRUE,FALSE,3.582164329,1.94,0.45
ACH-000945,28,25,TRUE,TRUE,4.266032064,4.62,0.28
ACH-001389,28,NA,TRUE,NA,2.600200401,NA,NA
ACH-001605,28,NA,TRUE,NA,2.652805611,NA,NA
ACH-001610,28,NA,TRUE,NA,3.79258517,NA,NA
ACH-001670,28,NA,TRUE,NA,2.705410822,NA,NA
ACH-002150,28,NA,TRUE,NA,2.565130261,NA,NA
ACH-002233,28,NA,TRUE,NA,3.564629259,NA,NA
ACH-002234,28,NA,TRUE,NA,3.582164329,NA,NA
ACH-002304,28,NA,TRUE,NA,2.617735471,NA,NA
ACH-000126,29,27,TRUE,TRUE,3.897795591,2.65,0.35
ACH-000177,29,26,TRUE,TRUE,3.213927856,3.24,0.22
ACH-000302,29,31,TRUE,TRUE,3.72244489,3.9,0.46
ACH-000370,29,26,TRUE,TRUE,3.319138277,3.35,0.11
ACH-000502,29,34,TRUE,TRUE,3.336673347,3.31,0.27
ACH-000546,29,28,TRUE,TRUE,3.582164329,3.73,0.31
ACH-000549,29,27,TRUE,TRUE,3.617234469,3.71,0.45
ACH-000554,29,29,TRUE,TRUE,2.880761523,3.21,0.19
ACH-000558,29,4,TRUE,FALSE,3.476953908,1.97,0.3
ACH-000561,29,28,TRUE,TRUE,3.547094188,3.89,0.31
ACH-000868,29,19,TRUE,NA,4.160821643,2.21,0.58
ACH-001396,29,NA,TRUE,NA,4.108216433,NA,NA
ACH-001459,29,NA,TRUE,NA,3.476953908,NA,NA
ACH-001863,29,NA,TRUE,NA,3.021042084,NA,NA
ACH-002169,29,NA,TRUE,NA,2.582665331,NA,NA
ACH-002184,29,NA,TRUE,NA,2.968436874,NA,NA
ACH-000110,30,16,TRUE,NA,4.248496994,2.18,0.58
ACH-000147,30,30,TRUE,TRUE,2.565130261,2.89,0.28
ACH-000150,30,22,TRUE,TRUE,4.371242485,1.52,0.42
ACH-000281,30,16,TRUE,NA,6.177354709,1.68,0.55
ACH-000385,30,NA,TRUE,NA,3.319138277,NA,NA
ACH-000390,30,23,TRUE,TRUE,3.389278557,1.82,0.44
ACH-000461,30,31,TRUE,TRUE,3.564629259,2.54,0.36
ACH-000658,30,NA,TRUE,NA,3.406813627,NA,NA
ACH-000984,30,4,TRUE,FALSE,3.547094188,1.96,0.42
ACH-001192,30,NA,TRUE,NA,5.633767535,NA,NA
ACH-001842,30,NA,TRUE,NA,5.072645291,NA,NA
ACH-002510,30,NA,TRUE,NA,3.301603206,NA,NA
ACH-000352,31,15,TRUE,NA,3.284068136,1.92,0.29
ACH-000603,31,31,TRUE,TRUE,3.669839679,3.78,0.24
ACH-001522,31,NA,TRUE,NA,2.915831663,NA,NA
ACH-002015,31,NA,TRUE,NA,3.178857715,NA,NA
ACH-002157,31,NA,TRUE,NA,4.686873747,NA,NA
ACH-002191,31,NA,TRUE,NA,3.248997996,NA,NA
ACH-002475,31,NA,TRUE,NA,3.038577154,NA,NA
ACH-000107,32,17,TRUE,NA,3.319138277,1.79,0.19
ACH-000344,32,24,TRUE,TRUE,2.54759519,1.5,0.17
ACH-002156,32,NA,TRUE,NA,4.96743487,NA,NA
ACH-000780,33,15,TRUE,NA,3.143787575,1.71,0.2
ACH-000669,34,25,TRUE,TRUE,4.914829659,2.72,0.44
ACH-001839,34,NA,TRUE,NA,3.389278557,NA,NA
ACH-001189,NA,26,NA,TRUE,NA,4.93,0.4
